restaurant_id,customer_name,customer_email,customer_number,customer_address,total_price,created_at
1,Alberico Persico,alberico.persico@example.com,9559122145,"Contrada Patrizia 29, Leone del friuli, 25148 Trapani (PE)",182.95,2024-12-13 13:04:19
1,Melania Fiorucci,melania.fiorucci@example.com,6169505857,"Stretto Teresa 970, Quarto Nicoletta, 23814 Mantova (LT)",123.93,2024-12-16 13:21:18
1,Gaspare Mazzeo,gaspare.mazzeo@example.com,7732004934,"Via Ravaglioli 680 Piano 8, Lando salentino, 54796 Cremona (MI)",62.41,2024-12-15 09:43:02
1,Paola Mazzocchi,paola.mazzocchi@example.com,5921091645,"Contrada Leoncavallo 2 Appartamento 59, Settimo Michela, 81442 Sassari (PD)",177.68,2024-12-16 19:37:29
1,Camilla Curiel,camilla.curiel@example.com,5265889373,"Viale Caboto 332, Lucia ligure, 19550 Vibo Valentia (CZ)",26.95,2024-12-10 23:28:29
2,Gemma Lombardi,gemma.lombardi@example.com,3436360360,"Incrocio Luigina 037, Antonetti umbro, 29966 Enna (CL)",155.59,2024-12-11 21:32:10
2,Gianluca Schiavone,gianluca.schiavone@example.com,6373588640,"Canale Magnani 740, Donatello terme, 28296 Ferrara (IS)",84.39,2024-12-12 08:43:31
2,Pomponio Bartoli,pomponio.bartoli@example.com,6168294168,"Piazza Ziani 68 Piano 3, Antonino del friuli, 12497 Matera (VI)",139.97,2024-12-09 17:56:46
2,Sig.ra Stella Comeriato,sig.ra.stella.comeriato@example.com,1358980083,"Strada Stefania 24, Solimena terme, 44956 Belluno (ME)",106.07,2024-12-15 00:37:27
2,Giampiero Capuana,giampiero.capuana@example.com,3302106526,"Piazza Emanuelli 042, San Achille, 93582 Genova (CS)",52.78,2024-12-09 14:15:00
3,Cirillo Morlacchi,cirillo.morlacchi@example.com,6946590614,"Vicolo Gianvecchio 756, Venturi lido, 17490 Udine (EN)",181.38,2024-12-13 21:50:34
3,Nico Cesarotti,nico.cesarotti@example.com,6718076959,"Borgo Sergius 80, Tozzi lido, 57774 Latina (RA)",37.88,2024-12-12 14:29:45
3,Elisa Bodoni,elisa.bodoni@example.com,2863080149,"Stretto Aria 5 Piano 5, Borgo Amadeo del friuli, 98364 Isernia (NU)",112.13,2024-12-08 14:16:15
3,Sig. Fedele Mastandrea,sig..fedele.mastandrea@example.com,5228389949,"Contrada Raffaella 71, Sesto Tiziana, 69039 Rimini (BR)",180.97,2024-12-11 05:35:47
3,Nadia Pedroni,nadia.pedroni@example.com,7120104002,"Via Bonatti 395 Piano 0, Agostinelli umbro, 24048 Torino (CL)",65.84,2024-12-09 17:45:15
4,Claudio Pavanello,claudio.pavanello@example.com,2716124818,"Incrocio Gianfrancesco 82, San Marco, 11055 Novara (CE)",170.49,2024-12-16 17:58:47
4,Gemma Siffredi,gemma.siffredi@example.com,2146063048,"Vicolo Gabba 7 Piano 2, Settimo Carla umbro, 39577 Pistoia (GR)",118.48,2024-12-10 18:20:42
4,Renata Simeoni,renata.simeoni@example.com,2778329103,"Borgo Fredo 58 Piano 0, Nanni ligure, 64927 Catanzaro (CR)",170.97,2024-12-06 17:13:10
4,Ida Riccati,ida.riccati@example.com,7823807612,"Vicolo Franceschi 63, Orsini ligure, 79972 Gorizia (UD)",55.49,2024-12-13 17:10:27
4,Ludovica Cassarà,ludovica.cassarà@example.com,7309158304,"Strada Niccolò 3 Piano 1, Bianca lido, 23462 Parma (BG)",102.88,2024-12-11 03:55:57
5,Ettore Morrocco,ettore.morrocco@example.com,7873583741,"Via Belletini 8, Regge del friuli, 52235 Nuoro (ME)",192.7,2024-12-12 02:43:28
5,Vincentio Cutrufo,vincentio.cutrufo@example.com,3893756747,"Canale Norbiato 38, Borgo Massimo nell'emilia, 22721 Treviso (RG)",168.2,2024-12-16 11:15:24
5,Dott. Fortunata Cagnin,dott..fortunata.cagnin@example.com,3382811283,"Via Scalera 7, Quarto Angelica, 20257 Olbia-Tempio (PV)",197.29,2024-12-13 02:07:27
5,Dott. Guglielmo Gangemi,dott..guglielmo.gangemi@example.com,1802468460,"Vicolo Salieri 5, Rossini calabro, 12017 Messina (BO)",195.8,2024-12-11 08:21:11
5,Sig. Umberto Metella,sig..umberto.metella@example.com,2616239380,"Strada Gentileschi 107, Gatto umbro, 94214 Enna (SO)",48.97,2024-12-07 00:11:57
6,Pomponio Barcaccia,pomponio.barcaccia@example.com,4900003721,"Viale Coardi 32, Biagiotti terme, 13144 Brescia (NA)",109.71,2024-12-11 23:22:16
6,Iolanda Adinolfi,iolanda.adinolfi@example.com,7026711569,"Contrada Beppe 90 Appartamento 69, San Serafina del friuli, 16168 Parma (TE)",195.46,2024-12-12 01:38:28
6,Roberta Carosone,roberta.carosone@example.com,9965365122,"Stretto Niccolò 115, Burcardo veneto, 65484 Ravenna (IM)",63.85,2024-12-07 12:38:58
6,Leonardo Saragat,leonardo.saragat@example.com,1016689467,"Contrada Michela 419, Sesto Toni del friuli, 22171 Messina (CR)",128.87,2024-12-14 13:14:48
6,Guarino Moneta-Zecchini,guarino.moneta-zecchini@example.com,7830019592,"Canale Dario 155, Raimondo nell'emilia, 69899 Bari (LI)",49.13,2024-12-07 19:02:28
7,Piergiorgio Casarin,piergiorgio.casarin@example.com,9051191282,"Contrada Dellucci 901 Appartamento 90, Mazzacurati lido, 24508 Treviso (MS)",193.64,2024-12-13 03:30:36
7,Camillo Chiaramonte,camillo.chiaramonte@example.com,2904415563,"Strada Giuliana 39, Iacobucci umbro, 79105 Udine (AL)",88.21,2024-12-12 19:43:55
7,Benedetto Romiti-Grisoni,benedetto.romiti-grisoni@example.com,3655588148,"Rotonda Pellegrino 2 Appartamento 92, Quarto Cassandra, 38647 Imperia (AO)",137.93,2024-12-13 02:18:49
7,Eliana Tartini,eliana.tartini@example.com,2321901893,"Stretto Galasso 71, San Marcantonio, 76304 Catanzaro (BA)",105.19,2024-12-13 07:13:57
7,Luca Piccinni,luca.piccinni@example.com,8236232985,"Contrada Rastelli 364 Appartamento 27, Delfino lido, 04535 Cagliari (VA)",147.09,2024-12-08 13:03:38
8,Dott. Costantino Silvestri,dott..costantino.silvestri@example.com,2642868424,"Piazza Lucrezia 702 Piano 5, Cecilia umbro, 30389 Siena (AQ)",94.1,2024-12-09 22:07:08
8,Antonella Avogadro,antonella.avogadro@example.com,8732277750,"Vicolo Tamborini 7, Stucchi salentino, 10972 Potenza (BL)",173.85,2024-12-13 15:45:21
8,Lara Berrè,lara.berrè@example.com,3236393700,"Strada Allegra 7, San Severino a mare, 61891 Ravenna (GE)",139.1,2024-12-07 11:59:53
8,Milena Bottaro,milena.bottaro@example.com,3368567530,"Stretto Sgalambro 6 Appartamento 99, Gioffre calabro, 73558 Brindisi (IM)",78.9,2024-12-16 00:10:59
8,Isabella Ferraris,isabella.ferraris@example.com,5575914285,"Via Toselli 041 Appartamento 28, Elladio umbro, 31922 Teramo (PU)",52.39,2024-12-09 05:09:38
9,Sig.ra Angelina Tosto,sig.ra.angelina.tosto@example.com,3425319458,"Borgo Ermanno 0 Piano 2, Pizziol laziale, 42724 Medio Campidano (RC)",68.11,2024-12-08 20:37:52
9,Ludovico Armellini-Torricelli,ludovico.armellini-torricelli@example.com,7069566139,"Via Alessio 64 Appartamento 71, Victoria a mare, 09511 Palermo (BN)",159.44,2024-12-09 21:30:33
9,Romina Dossetti,romina.dossetti@example.com,8158478239,"Vicolo Turci 618, Sesto Giovanni, 59480 Crotone (LT)",170.02,2024-12-16 07:47:49
9,Maurilio Matteotti,maurilio.matteotti@example.com,2223252740,"Piazza Isa 2 Appartamento 59, Quarto Riccardo del friuli, 80677 Perugia (TR)",183.38,2024-12-13 07:32:41
9,Teresa Brunello,teresa.brunello@example.com,6318643750,"Incrocio Belletini 42, Settimo Calogero veneto, 33130 Enna (PU)",176.4,2024-12-06 10:17:22
10,Nina Canetta-Gabbana,nina.canetta-gabbana@example.com,5807711955,"Via Caterina 36, San Giacobbe a mare, 87166 Massa-Carrara (VR)",190.94,2024-12-09 07:06:33
10,Jacopo Magnani,jacopo.magnani@example.com,2959341797,"Canale Viola 66 Appartamento 10, Borgo Mirko salentino, 71783 Matera (SS)",183.04,2024-12-06 22:54:10
10,Dott. Veronica Bottigliero,dott..veronica.bottigliero@example.com,9770537249,"Contrada Gelsomina 544 Piano 7, Annibale sardo, 21496 Forlì-Cesena (BI)",153.35,2024-12-11 23:39:37
10,Mirko Natta,mirko.natta@example.com,3769253160,"Canale Deledda 638 Appartamento 88, Interminelli sardo, 05917 Belluno (LC)",143.29,2024-12-07 12:37:16
10,Lucia Odescalchi,lucia.odescalchi@example.com,3503530333,"Canale Nicoletta 6, Sesto Isa, 82351 Forlì-Cesena (TS)",190.86,2024-12-16 09:06:05
11,Dott. Gioffre Schiavone,dott..gioffre.schiavone@example.com,5944479779,"Canale Norbiato 8 Appartamento 52, San Priscilla salentino, 32175 Reggio Calabria (CT)",113.36,2024-12-08 03:10:58
11,Evangelista Rossetti-Leblanc,evangelista.rossetti-leblanc@example.com,6834224903,"Via Baccio 59, Sesto Roberto, 74468 Parma (BI)",179.06,2024-12-08 22:30:01
11,Monica Palmisano,monica.palmisano@example.com,9490466386,"Vicolo Alfio 16 Piano 1, Quarto Gemma, 75455 Pesaro e Urbino (VC)",130.23,2024-12-08 13:15:38
11,Ninetta Ricolfi-Tamborini,ninetta.ricolfi-tamborini@example.com,2114436169,"Stretto Babati 91, Quarto Michelotto, 91797 Biella (CH)",90.89,2024-12-08 23:20:32
11,Rossana Carnera,rossana.carnera@example.com,4171537096,"Rotonda Costantino 148, Gabriele a mare, 34191 Varese (OR)",92.67,2024-12-11 20:42:22
12,Sig. Costantino Grassi,sig..costantino.grassi@example.com,3501933600,"Viale Marazzi 504 Piano 7, Teresa umbro, 14917 Rimini (CO)",161.3,2024-12-14 01:51:58
12,Tonino Montalti,tonino.montalti@example.com,2206456290,"Viale Benigni 7, Quarto Martino, 74070 Genova (BN)",51.87,2024-12-13 14:51:58
12,Livia Lopresti,livia.lopresti@example.com,7027644279,"Viale Cerquiglini 72, Fantoni terme, 67822 Gorizia (BN)",135.78,2024-12-11 08:39:48
12,Ansaldo Vezzali,ansaldo.vezzali@example.com,4275688711,"Via Galasso 82 Appartamento 94, Ioppi a mare, 73007 Siena (ME)",34.29,2024-12-10 02:37:08
12,Dott. Adriano Faranda,dott..adriano.faranda@example.com,2863837463,"Piazza Panfilo 95, Elmo ligure, 94999 Sassari (IS)",89.87,2024-12-15 23:34:43
13,Gianpietro Fermi,gianpietro.fermi@example.com,9763706116,"Via Raffaella 18, Pertini terme, 99430 Livorno (BI)",193.24,2024-12-09 10:27:39
13,Raffaele Marenzio,raffaele.marenzio@example.com,5726574324,"Canale Marissa 95 Appartamento 16, Settimo Clelia ligure, 73947 Catanzaro (PI)",178.42,2024-12-09 15:58:02
13,Lolita Tarchetti,lolita.tarchetti@example.com,6999363040,"Stretto Pacomio 10, Quarto Adamo nell'emilia, 02158 Ogliastra (FG)",45.31,2024-12-09 15:55:00
13,Sebastiano Abatantuono-Ricolfi,sebastiano.abatantuono-ricolfi@example.com,8947573063,"Stretto Paloma 87 Appartamento 59, Settimo Ricciotti lido, 44351 Pesaro e Urbino (VA)",190.14,2024-12-10 07:58:29
13,Aurora Scamarcio,aurora.scamarcio@example.com,2271451668,"Incrocio Ettore 03, San Durante, 26336 Firenze (TP)",115.38,2024-12-16 05:05:30
14,Martino Ramazzotti-Antonacci,martino.ramazzotti-antonacci@example.com,2594522428,"Borgo Telemaco 037 Piano 3, San Annamaria ligure, 09297 Ferrara (PO)",116.38,2024-12-10 01:07:31
14,Sig.ra Ninetta Sanudo,sig.ra.ninetta.sanudo@example.com,5601022322,"Vicolo Giosuè 012 Piano 4, Borgo Jolanda calabro, 66909 Lodi (FM)",190.97,2024-12-08 22:35:13
14,Manuel Folliero,manuel.folliero@example.com,6294678954,"Contrada Giovanna 44, Settimo Cristina lido, 96408 L'Aquila (TO)",102.02,2024-12-12 14:25:03
14,Galasso Bonanno,galasso.bonanno@example.com,7403864494,"Piazza Marcella 4 Piano 0, Luciano umbro, 28851 Carbonia-Iglesias (NA)",91.31,2024-12-06 19:51:13
14,Luisa Poerio,luisa.poerio@example.com,1529656008,"Vicolo Nina 42, Borgo Leopoldo calabro, 28099 Nuoro (BA)",40.43,2024-12-16 06:20:25
15,Amadeo Costalonga,amadeo.costalonga@example.com,5300227840,"Stretto Letta 595 Appartamento 07, Sesto Arnulfo, 69669 Catania (PO)",166.08,2024-12-12 07:48:58
15,Giuseppe Aulenti,giuseppe.aulenti@example.com,8117502983,"Canale Vianello 434 Appartamento 73, Guarana nell'emilia, 73460 Reggio Calabria (MT)",181.02,2024-12-06 22:56:46
15,Sig.ra Veronica Donà,sig.ra.veronica.donà@example.com,3170915894,"Viale Giovanna 4, Quarto Fedele calabro, 75794 Nuoro (AO)",195.31,2024-12-08 08:21:24
15,Eva Cutuli,eva.cutuli@example.com,2808769838,"Vicolo Frescobaldi 83 Piano 2, Quarto Niccolò salentino, 33282 Bergamo (RC)",101.52,2024-12-11 04:52:59
15,Riccardo Mezzetta,riccardo.mezzetta@example.com,2714213672,"Via Finetti 341 Piano 9, Tomaselli laziale, 57274 Vibo Valentia (BL)",29.45,2024-12-15 00:11:49
16,Ottone Ruberto,ottone.ruberto@example.com,3037898929,"Contrada Rosselli 61 Appartamento 33, Settimo Pierluigi sardo, 21209 Brescia (VE)",165.14,2024-12-11 03:48:57
16,Gaetano Papafava,gaetano.papafava@example.com,3176722285,"Canale Elvira 15, Gianmarco a mare, 46008 Bolzano (FI)",156.8,2024-12-08 10:11:45
16,Lauretta Ravaglioli,lauretta.ravaglioli@example.com,3625962274,"Via Bocelli 301 Appartamento 09, Onisto sardo, 21064 Siena (OR)",130.47,2024-12-12 08:48:43
16,Sig.ra Letizia Donarelli,sig.ra.letizia.donarelli@example.com,2601146474,"Rotonda Fabio 99 Appartamento 75, Ossola del friuli, 39790 Venezia (OG)",65.98,2024-12-07 20:13:36
16,Baccio Corradi,baccio.corradi@example.com,9639533374,"Piazza Vidoni 33, Sesto Giacinto, 34176 Alessandria (CH)",54.24,2024-12-10 11:27:46
17,Sig.ra Lara Franzese,sig.ra.lara.franzese@example.com,3955862898,"Borgo Amadeo 4 Piano 1, Bonino lido, 90538 Monza e della Brianza (CE)",78.78,2024-12-10 01:26:13
17,Emilio Lucciano-Cabrini,emilio.lucciano-cabrini@example.com,4134263342,"Strada Marissa 70 Piano 6, San Daria, 02918 Isernia (TP)",91.92,2024-12-14 18:24:54
17,Fulvio Sagnelli-Sobrero,fulvio.sagnelli-sobrero@example.com,5354987260,"Incrocio Zaccardo 038 Piano 1, Settimo Vittoria veneto, 97283 Napoli (GR)",138.0,2024-12-15 19:41:51
17,Marta Zaccardo-Bresciani,marta.zaccardo-bresciani@example.com,4358481225,"Piazza Alonzi 582, Nino salentino, 14337 Oristano (TP)",83.49,2024-12-13 02:22:15
17,Monica Ruggieri,monica.ruggieri@example.com,2034079531,"Rotonda Susanna 78 Appartamento 51, Sesto Cassandra, 72346 Messina (CO)",180.73,2024-12-12 16:27:08
18,Paolo Pergolesi,paolo.pergolesi@example.com,6025903610,"Viale Gabriele 94 Piano 6, Settimo Ramona laziale, 46724 Monza e della Brianza (FC)",27.55,2024-12-08 07:58:12
18,Romeo Cristoforetti,romeo.cristoforetti@example.com,5532786167,"Canale Marzorati 00 Piano 2, San Rosalia nell'emilia, 59311 Brindisi (PN)",186.37,2024-12-11 18:20:29
18,Delfino Galtarossa-Pedroni,delfino.galtarossa-pedroni@example.com,9972681484,"Vicolo Boldù 265, Sesto Valentina del friuli, 99303 Cuneo (MB)",120.74,2024-12-13 15:53:44
18,Lisa Bajamonti,lisa.bajamonti@example.com,4357316179,"Stretto Bonolis 2 Appartamento 44, Dina terme, 95002 Lodi (AO)",131.52,2024-12-12 15:16:02
18,Dott. Antonino Sorrentino,dott..antonino.sorrentino@example.com,8049003707,"Rotonda Sergius 84 Piano 4, Sesto Maura umbro, 99994 Carbonia-Iglesias (LE)",179.88,2024-12-15 01:53:27
19,Nicoletta Errigo,nicoletta.errigo@example.com,8461155696,"Incrocio Aulenti 5 Piano 9, Settimo Graziella, 30736 Ravenna (IM)",191.65,2024-12-13 03:43:16
19,Dott. Ugo Soffici,dott..ugo.soffici@example.com,5315840590,"Rotonda Nanni 5 Piano 7, Settimo Adele, 87775 Salerno (TE)",95.83,2024-12-14 12:01:17
19,Nina Guidotti,nina.guidotti@example.com,7005931025,"Canale Elisa 27, Abbagnale calabro, 83122 Novara (AO)",181.78,2024-12-11 11:44:30
19,Ruggero Verga,ruggero.verga@example.com,1370535423,"Incrocio Gilberto 405, Prada del friuli, 70957 Caserta (AQ)",148.64,2024-12-12 23:02:15
19,Cecilia Asprucci,cecilia.asprucci@example.com,3164592468,"Borgo Loretta 28 Piano 6, Borgo Ornella salentino, 52089 Medio Campidano (CI)",150.06,2024-12-09 00:23:50
20,Galasso Celentano,galasso.celentano@example.com,1549793627,"Vicolo Flaiano 2 Appartamento 50, Sesto Gino lido, 61479 Trento (CI)",94.16,2024-12-14 06:20:49
20,Pierina Mastroianni,pierina.mastroianni@example.com,6478157217,"Rotonda Salvo 927, San Telemaco nell'emilia, 13235 Pisa (CR)",145.92,2024-12-07 03:20:01
20,Nicoletta Spadafora,nicoletta.spadafora@example.com,7278479923,"Stretto Casarin 71, Settimo Serafina, 78089 Gorizia (CI)",161.17,2024-12-09 08:15:17
20,Sophia Bettin-Errani,sophia.bettin-errani@example.com,6009625294,"Contrada Fanucci 174, Leoncavallo veneto, 32595 Udine (AT)",186.32,2024-12-06 16:04:58
20,Dott. Paulina Bassi,dott..paulina.bassi@example.com,8320791696,"Contrada Mauro 93 Piano 9, Quarto Gian, 29746 Reggio Emilia (CN)",51.63,2024-12-12 08:20:04
21,Sig. Silvio Sonnino,sig..silvio.sonnino@example.com,7377905718,"Borgo Guglielmo 2, Coriolano salentino, 91998 Nuoro (RG)",153.16,2024-12-12 13:35:31
21,Dott. Victoria Guariento,dott..victoria.guariento@example.com,8651871278,"Borgo Armellini 5, Quarto Lolita, 51644 Firenze (TV)",76.17,2024-12-15 20:47:05
21,Gioffre Pigafetta-Brugnaro,gioffre.pigafetta-brugnaro@example.com,3315696414,"Canale Paolini 351 Appartamento 40, Faggiani del friuli, 58051 Cosenza (FE)",127.45,2024-12-15 11:00:13
21,Adriano Pavanello,adriano.pavanello@example.com,8381024147,"Viale Calbo 7, Quarto Carlo, 18226 Imperia (TP)",152.49,2024-12-11 16:15:13
21,Livia Crespi,livia.crespi@example.com,7707349045,"Borgo Comencini 28 Piano 5, Giolitti lido, 02003 Trapani (VV)",171.3,2024-12-11 11:20:13
22,Liberto Riccardi,liberto.riccardi@example.com,6512784570,"Strada Cammarata 8, Comencini sardo, 22923 Firenze (TP)",38.49,2024-12-16 13:38:15
22,Renata Gozzi,renata.gozzi@example.com,4940261496,"Canale Mauro 19, Oliboni calabro, 70147 Aosta (PN)",52.5,2024-12-15 15:42:07
22,Vanessa Niscoromni,vanessa.niscoromni@example.com,5787514157,"Canale Giampaolo 9, Nicoletta ligure, 40565 Viterbo (VA)",62.66,2024-12-09 10:49:54
22,Caterina Armellini,caterina.armellini@example.com,2987197361,"Canale Nanni 4, Giammusso nell'emilia, 48463 Cagliari (BN)",104.01,2024-12-11 23:52:32
22,Flavio Passalacqua,flavio.passalacqua@example.com,5956072028,"Vicolo Rocca 5 Piano 3, San Ninetta, 93201 Carbonia-Iglesias (AG)",70.34,2024-12-11 04:49:00
23,Etta Mannoia,etta.mannoia@example.com,3477085915,"Viale Alberico 950 Piano 3, Borgo Aria calabro, 14992 Bergamo (CB)",97.68,2024-12-12 03:54:07
23,Livia Staglieno-Giorgetti,livia.staglieno-giorgetti@example.com,4231519801,"Incrocio Azeglio 380 Appartamento 33, Borgo Graziella lido, 58596 Crotone (RC)",38.25,2024-12-11 11:51:10
23,Nicola Montesano-Gentilini,nicola.montesano-gentilini@example.com,2522788596,"Incrocio Scotto 2, Quarto Teresa veneto, 28686 Ogliastra (PA)",157.86,2024-12-06 17:13:24
23,Virginia Spadafora,virginia.spadafora@example.com,9444811499,"Stretto Canetta 7 Piano 9, Sesto Ezio, 55065 Trieste (BR)",83.05,2024-12-08 21:31:58
23,Dott. Arturo Sabbatini,dott..arturo.sabbatini@example.com,5921169361,"Borgo Giuliana 804 Appartamento 56, Quarto Arsenio sardo, 50517 Forlì-Cesena (VV)",153.26,2024-12-09 04:38:38
24,Fortunata Branciforte,fortunata.branciforte@example.com,9176406438,"Borgo Valentina 0, Quarto Orazio laziale, 78016 Treviso (AG)",168.92,2024-12-11 13:24:58
24,Dott. Caterina Travia,dott..caterina.travia@example.com,6321008885,"Borgo Eco 7 Piano 5, Hugo nell'emilia, 34844 Arezzo (LT)",58.81,2024-12-16 21:54:33
24,Leone Borgia,leone.borgia@example.com,4009964641,"Via Massimo 664, Quarto Rosa, 80683 Parma (SA)",194.66,2024-12-10 07:57:37
24,Maria Durante,maria.durante@example.com,2183468837,"Contrada Morandi 728, San Arsenio sardo, 76849 Terni (CH)",94.36,2024-12-10 19:09:12
24,Rodolfo Cilibrasi,rodolfo.cilibrasi@example.com,6469487205,"Via Aporti 97, Salvini umbro, 69654 Biella (VV)",155.18,2024-12-12 10:42:41
25,Melina Borsiere-Loredan,melina.borsiere-loredan@example.com,3869244738,"Incrocio Stefano 3 Piano 9, Borsiere del friuli, 55256 Barletta-Andria-Trani (VR)",182.81,2024-12-10 01:53:52
25,Fernanda Scarlatti-Cimini,fernanda.scarlatti-cimini@example.com,2400788191,"Piazza Sabatino 07 Piano 3, San Greca calabro, 50977 L'Aquila (PR)",149.67,2024-12-14 01:41:35
25,Sig.ra Annunziata Argurio,sig.ra.annunziata.argurio@example.com,5553261739,"Contrada Bresciani 7 Piano 3, Sesto Martino, 67587 Pescara (BS)",55.11,2024-12-16 04:21:29
25,Giancarlo Leoncavallo,giancarlo.leoncavallo@example.com,5141924709,"Canale Ferragni 7, Sesto Fabio a mare, 25835 Lucca (VB)",150.46,2024-12-09 06:22:49
25,Nadia Dallapé,nadia.dallapé@example.com,7884890601,"Borgo Carullo 1, San Raffaele nell'emilia, 04785 Monza e della Brianza (LU)",121.1,2024-12-15 13:55:57
26,Ippazio Semitecolo,ippazio.semitecolo@example.com,4547172818,"Rotonda Rolando 8, Borgo Fiamma, 89705 Rovigo (PA)",199.87,2024-12-16 03:00:03
26,Sig. Marcantonio Liguori,sig..marcantonio.liguori@example.com,6642600609,"Canale Boldù 6 Piano 2, Borgo Diana salentino, 89482 Rimini (MC)",105.81,2024-12-11 15:38:15
26,Loredana Perozzo,loredana.perozzo@example.com,6841788955,"Canale Evangelista 9, Fantozzi veneto, 22134 Genova (PI)",172.75,2024-12-11 20:31:24
26,Berenice Fanucci,berenice.fanucci@example.com,4294526980,"Borgo Ermanno 53, Luna del friuli, 03630 Prato (MB)",158.34,2024-12-16 06:01:30
26,Goffredo Canil,goffredo.canil@example.com,1726123181,"Rotonda Giorgia 7 Piano 8, Sesto Gabriella nell'emilia, 15943 Massa-Carrara (BT)",60.74,2024-12-10 21:37:11
27,Ignazio Trevisani,ignazio.trevisani@example.com,8188209988,"Strada Carli 986 Piano 0, Toscani calabro, 35811 Belluno (ME)",99.49,2024-12-07 16:02:37
27,Vincenza Bataglia,vincenza.bataglia@example.com,1753058693,"Canale Gentili 348, Settimo Romolo sardo, 68623 Messina (PC)",86.52,2024-12-09 07:03:10
27,Dott. Donato Oliboni,dott..donato.oliboni@example.com,8161926162,"Borgo Marissa 806 Appartamento 19, Nibali lido, 15403 Pordenone (BI)",33.6,2024-12-13 12:18:09
27,Raimondo Cocci,raimondo.cocci@example.com,8342174226,"Contrada Bramante 4 Appartamento 42, Quarto Francesca ligure, 00760 Foggia (OR)",194.8,2024-12-13 18:01:31
27,Dario Montanelli,dario.montanelli@example.com,8773341597,"Vicolo Elvira 46 Piano 5, Tagliafierro sardo, 80144 Parma (SS)",29.71,2024-12-10 23:49:04
28,Alderano Petrucelli,alderano.petrucelli@example.com,5693487299,"Canale Finotto 468 Appartamento 60, Puccio ligure, 24645 Teramo (TE)",149.8,2024-12-12 14:20:23
28,Benito Govoni,benito.govoni@example.com,1872503082,"Rotonda Rolando 4 Appartamento 65, Quarto Antonella, 94438 Sondrio (MB)",92.34,2024-12-12 16:54:20
28,Baldassare Roero-Magrassi,baldassare.roero-magrassi@example.com,3944045816,"Contrada Offredi 73 Piano 8, Settimo Goffredo lido, 19279 Cagliari (MO)",155.71,2024-12-11 07:25:02
28,Telemaco Comboni-Mastandrea,telemaco.comboni-mastandrea@example.com,5000569356,"Canale Niscoromni 850, San Rembrandt calabro, 27988 Torino (AO)",170.76,2024-12-14 07:48:29
28,Serena Musatti-Ovadia,serena.musatti-ovadia@example.com,1458499659,"Strada Frescobaldi 344 Appartamento 05, Borgo Uberto, 97615 Ravenna (FM)",43.6,2024-12-13 13:41:41
29,Isabella Malacarne,isabella.malacarne@example.com,7021560620,"Contrada Damiano 9 Appartamento 48, Rolando nell'emilia, 29023 Teramo (CA)",56.42,2024-12-15 09:01:36
29,Sonia Galeati,sonia.galeati@example.com,7820538839,"Rotonda Michelangelo 1, Quarto Loredana laziale, 78744 Isernia (FR)",78.32,2024-12-12 19:11:53
29,Enzo Treves,enzo.treves@example.com,3051907140,"Via Pisacane 0 Piano 4, Quarto Ugo laziale, 14188 Verbano-Cusio-Ossola (TS)",64.55,2024-12-10 16:55:54
29,Rosa Montessori,rosa.montessori@example.com,7746721562,"Viale Adinolfi 7, Quarto Bruno, 92836 Perugia (LC)",131.91,2024-12-13 03:32:58
29,Gian Cardano,gian.cardano@example.com,7173134878,"Contrada Bettin 4 Piano 6, Settimo Matteo, 83556 Vicenza (MO)",138.15,2024-12-06 13:27:55
30,Lucia Beccheria,lucia.beccheria@example.com,5084516433,"Incrocio Barese 96, Elmo laziale, 99137 Agrigento (RM)",77.66,2024-12-06 19:48:06
30,Enzio Brunelleschi,enzio.brunelleschi@example.com,9495960829,"Canale Vespa 6 Piano 7, Volterra calabro, 88971 Messina (FI)",36.07,2024-12-11 15:59:26
30,Alberto Fagotto-Casale,alberto.fagotto-casale@example.com,7030876552,"Via Isa 411, San Ornella lido, 12212 Vicenza (SI)",74.56,2024-12-12 00:00:41
30,Lucrezia Sagese,lucrezia.sagese@example.com,5780430635,"Viale Bonaventura 09 Piano 2, San Benvenuto, 39073 Salerno (SO)",46.47,2024-12-16 04:51:34
30,Valeria Bertoli,valeria.bertoli@example.com,7542150896,"Vicolo Majorana 21 Appartamento 80, Malipiero a mare, 76554 Ferrara (PE)",76.77,2024-12-09 01:59:04
31,Piersanti Ludovisi,piersanti.ludovisi@example.com,9888084167,"Stretto Brunello 7 Appartamento 97, Settimo Rodolfo salentino, 13707 Bergamo (NO)",59.49,2024-12-13 04:30:30
31,Barbara Balbi,barbara.balbi@example.com,8869735370,"Rotonda Longhena 578 Appartamento 63, Sophia lido, 70080 Imperia (VA)",167.37,2024-12-09 00:51:52
31,Dott. Eraldo Pastine,dott..eraldo.pastine@example.com,5544167185,"Borgo Luisa 9, Interiano umbro, 41819 Taranto (RN)",92.0,2024-12-12 18:06:54
31,Amalia Antonucci,amalia.antonucci@example.com,6703702117,"Contrada Martino 5 Piano 8, Porcellato ligure, 61540 Livorno (GO)",169.26,2024-12-10 21:33:51
31,Tiziana Donini,tiziana.donini@example.com,7706157189,"Piazza Oliboni 4 Appartamento 27, Borgo Rosa veneto, 95563 Rieti (TV)",139.65,2024-12-06 22:14:29
32,Giancarlo Toso,giancarlo.toso@example.com,2809998930,"Via Polizzi 3 Appartamento 55, Sesto Eva, 22893 Medio Campidano (BR)",70.97,2024-12-08 01:59:22
32,Virginia Pedrazzini,virginia.pedrazzini@example.com,8422190264,"Incrocio Arnulfo 082, Lodovico del friuli, 55133 Belluno (TN)",136.61,2024-12-09 11:34:44
32,Ranieri Cantimori,ranieri.cantimori@example.com,1021647290,"Piazza Alderano 4 Appartamento 02, Boccaccio umbro, 32117 Ascoli Piceno (MC)",177.87,2024-12-11 19:47:01
32,Enzio Papetti,enzio.papetti@example.com,1773008592,"Viale Fabrizio 84 Piano 0, Quarto Cristina, 19587 Crotone (CI)",53.79,2024-12-12 19:24:28
32,Gelsomina Sgarbi,gelsomina.sgarbi@example.com,1802856656,"Canale Nicola 39 Appartamento 40, Settimo Amanda, 59516 Lucca (TP)",28.67,2024-12-10 09:44:30
33,Eliana Vismara,eliana.vismara@example.com,2788845708,"Via Giampaolo 457 Appartamento 56, Eva lido, 28479 Parma (CZ)",116.38,2024-12-08 18:17:21
33,Gastone Contarini,gastone.contarini@example.com,7750587210,"Via Mascheroni 21, Sesto Guido, 96991 Prato (VC)",124.02,2024-12-15 13:22:33
33,Angelina Tarantini,angelina.tarantini@example.com,3856069011,"Contrada Massimo 692, Sesto Loredana nell'emilia, 05452 Palermo (LO)",42.84,2024-12-16 05:35:04
33,Sig. Ruggero Toninelli,sig..ruggero.toninelli@example.com,2537626011,"Vicolo Poerio 810 Piano 2, Sesto Fabia a mare, 62163 Asti (OT)",76.34,2024-12-16 05:34:00
33,Dott. Licia Iacobucci,dott..licia.iacobucci@example.com,3010456862,"Via Antelami 9 Piano 9, Settimo Umberto lido, 69224 Cagliari (LU)",163.17,2024-12-08 01:52:56
34,Augusto Curci,augusto.curci@example.com,3455853953,"Piazza Serafina 77, Borgo Stefani, 40002 Vicenza (BG)",97.45,2024-12-11 17:01:54
34,Dott. Giulietta Serao,dott..giulietta.serao@example.com,3875333338,"Via Gulotta 1, Settimo Donatello, 03094 Rimini (BR)",131.9,2024-12-12 21:32:21
34,Fiamma Bernetti,fiamma.bernetti@example.com,5437791508,"Borgo Gino 47 Appartamento 40, Borgo Arsenio, 33830 Brescia (FE)",98.08,2024-12-08 06:07:07
34,Serafina Einaudi,serafina.einaudi@example.com,8619006533,"Piazza Vasari 721 Piano 2, Settimo Armando sardo, 10141 Bergamo (AN)",148.88,2024-12-08 12:16:37
34,Liberto Castiglione,liberto.castiglione@example.com,9755841365,"Viale Montanari 2 Appartamento 94, Sesto Gioffre ligure, 83624 Modena (CH)",109.28,2024-12-15 10:53:29
35,Nicoletta Togliatti-Doria,nicoletta.togliatti-doria@example.com,2337121058,"Piazza Orazio 85, San Elisa, 20342 Venezia (PA)",130.31,2024-12-09 13:00:29
35,Amico Gagliano,amico.gagliano@example.com,4845031935,"Contrada Gianfranco 33 Piano 1, Quarto Oreste, 78441 Livorno (MI)",31.1,2024-12-10 02:11:59
35,Ciro Curci-Montecchi,ciro.curci-montecchi@example.com,6164817892,"Incrocio Sandra 32 Appartamento 84, Gentili salentino, 49002 Bergamo (CL)",35.34,2024-12-16 17:51:29
35,Dott. Gionata Pacillo,dott..gionata.pacillo@example.com,5169685022,"Stretto Lina 00, Sesto Gionata, 98562 Verona (PA)",147.01,2024-12-11 06:29:16
35,Donatella Bruno,donatella.bruno@example.com,9080980634,"Stretto Bacosi 77, Settimo Caterina, 85254 Vicenza (BT)",158.89,2024-12-10 01:12:05
36,Antonia Guglielmi,antonia.guglielmi@example.com,1267019507,"Viale Camanni 366 Piano 0, Rossetti ligure, 81330 Rieti (OR)",126.78,2024-12-14 23:12:48
36,Carmelo Druso-Guinizzelli,carmelo.druso-guinizzelli@example.com,8841034758,"Vicolo Florio 284 Appartamento 72, Stefano umbro, 19046 Siracusa (EN)",163.95,2024-12-15 00:57:53
36,Rosa Trapanese,rosa.trapanese@example.com,1005047183,"Contrada Beatrice 154, Quarto Guglielmo, 16901 Siena (LO)",155.87,2024-12-16 12:53:58
36,Gionata Malatesta,gionata.malatesta@example.com,1669593590,"Viale Greca 25, San Giacomo a mare, 60073 Pescara (TO)",134.9,2024-12-09 05:02:36
36,Roberta Pedroni,roberta.pedroni@example.com,9452929970,"Incrocio Amadeo 0 Piano 5, Sesto Chiara, 72241 Reggio Calabria (MN)",187.77,2024-12-12 09:46:34
1,Roberto Boccioni,roberto.boccioni@example.com,7081919168,"Strada Enzio 9 Appartamento 33, Settimo Fausto, 27550 Pisa (TA)",85.85,2024-12-14 22:52:13
19,Dott. Azeglio Gualtieri,dott..azeglio.gualtieri@example.com,3744866348,"Incrocio Querini 4 Piano 7, Settimo Flavia terme, 78680 Viterbo (BR)",80.49,2024-12-11 23:33:58
32,Ermenegildo Contrafatto,ermenegildo.contrafatto@example.com,7684388932,"Strada Adriano 6, Quarto Roman ligure, 37894 Forlì-Cesena (AG)",61.12,2024-12-15 02:26:17
29,Marina Pagnotto,marina.pagnotto@example.com,5639007379,"Borgo Amato 557 Piano 1, San Fulvio ligure, 71266 Como (AQ)",195.88,2024-12-10 04:37:49
19,Teresa Paganini-Desio,teresa.paganini-desio@example.com,7452991875,"Viale Novaro 64, Scarpetta sardo, 18504 Aosta (FC)",87.65,2024-12-10 07:51:45
25,Gaetano Sordi,gaetano.sordi@example.com,2380232286,"Rotonda Vito 014, San Baldassare, 12641 Perugia (NU)",58.15,2024-12-09 22:03:45
1,Caterina Tencalla,caterina.tencalla@example.com,6067578603,"Stretto Luigina 428, Settimo Ettore umbro, 68680 Sondrio (GE)",101.68,2024-12-08 02:51:14
33,Venancio Capuana-Conte,venancio.capuana-conte@example.com,3436478435,"Piazza Romeo 558, San Irma, 09237 Fermo (AR)",122.2,2024-12-06 12:16:35
34,Giulietta Bertoni,giulietta.bertoni@example.com,4999730422,"Canale Cardano 385, Sesto Raimondo umbro, 28613 Bolzano (LC)",68.68,2024-12-16 07:52:28
3,Eleanora Fioravanti,eleanora.fioravanti@example.com,8708743920,"Borgo Alighieri 108, Settimo Baldassare a mare, 80010 Cosenza (SR)",173.93,2024-12-14 08:17:58
26,Vittoria Musatti,vittoria.musatti@example.com,9689180828,"Piazza Ludovisi 3 Piano 1, Settimo Umberto, 52678 Monza e della Brianza (RM)",87.84,2024-12-15 18:40:41
17,Sig. Pasquale Sanguineti,sig..pasquale.sanguineti@example.com,7593913847,"Incrocio Nanni 7 Appartamento 39, Borgo Annunziata, 83065 Alessandria (AG)",193.91,2024-12-11 05:41:12
25,Gastone Peano,gastone.peano@example.com,2880320571,"Via Pergolesi 1, Sesto Manuel umbro, 49846 Imperia (MN)",37.06,2024-12-08 14:27:24
13,Fiamma Scandone,fiamma.scandone@example.com,1419285676,"Piazza Dolores 766, Domenico terme, 28294 L'Aquila (SV)",38.85,2024-12-12 09:21:03
34,Erika Marino,erika.marino@example.com,3298457604,"Borgo Romolo 31 Appartamento 79, Sesto Cristina terme, 70689 Trento (RC)",138.51,2024-12-07 18:03:33
23,Galasso Serraglio,galasso.serraglio@example.com,7886994399,"Vicolo Piane 213, Fedele terme, 36443 Fermo (VV)",169.92,2024-12-07 00:11:43
29,Dott. Marcella Rossi,dott..marcella.rossi@example.com,8096085128,"Stretto Anita 382, San Pierangelo, 86719 Catania (CT)",85.81,2024-12-15 12:02:35
3,Nicoletta Zacco,nicoletta.zacco@example.com,3796768368,"Borgo Ugolino 449, Quarto Guido, 77856 Cuneo (AQ)",176.98,2024-12-16 02:26:48
32,Gianna Segrè,gianna.segrè@example.com,3170163781,"Vicolo Ortolani 297 Appartamento 14, Eugenia lido, 90883 Crotone (GE)",48.98,2024-12-09 13:06:25
2,Milo Tornatore,milo.tornatore@example.com,8278340231,"Via Tonia 4, Settimo Rosa, 38746 L'Aquila (SI)",110.84,2024-12-06 12:54:47
6,Marina Odescalchi,marina.odescalchi@example.com,4545129136,"Contrada Bongiorno 70, Petralli ligure, 33086 Pistoia (SP)",26.16,2024-12-16 14:21:15
36,Laureano Celentano,laureano.celentano@example.com,3959197263,"Strada Parini 63, Gozzano nell'emilia, 81753 Mantova (RM)",122.95,2024-12-16 02:59:47
29,Sonia Bersani,sonia.bersani@example.com,5389403932,"Stretto Ferrucci 422, Quarto Lisa salentino, 01546 Trento (RA)",98.21,2024-12-09 16:20:18
27,Gianna Cristoforetti,gianna.cristoforetti@example.com,6122633750,"Incrocio Pistoletto 628 Appartamento 62, Pareto umbro, 53649 Avellino (RI)",85.5,2024-12-09 13:32:56
7,Fabio Orlando,fabio.orlando@example.com,9215224580,"Canale Flora 5, Settimo Coluccio terme, 05694 Mantova (VC)",198.17,2024-12-15 04:22:38
24,Torquato Cicilia,torquato.cicilia@example.com,2404233042,"Rotonda Mattarella 95, Borgo Victoria, 94360 Perugia (FG)",158.55,2024-12-08 04:56:05
23,Stefania Argan,stefania.argan@example.com,2368759230,"Incrocio Sylvia 013, Barbarigo sardo, 53737 Reggio Emilia (RC)",40.7,2024-12-14 13:07:22
21,Arturo Ferrante,arturo.ferrante@example.com,7383969428,"Piazza Carfagna 39, Tiepolo veneto, 88219 Lodi (LT)",157.11,2024-12-09 08:54:35
15,Sig.ra Elisa Filogamo,sig.ra.elisa.filogamo@example.com,7038993494,"Canale Samele 651, Gibilisco veneto, 14373 Sassari (AG)",113.53,2024-12-13 20:12:57
4,Dionigi Grasso,dionigi.grasso@example.com,7468955478,"Incrocio Leopoldo 081, Ruggeri salentino, 77903 Ogliastra (MS)",138.97,2024-12-16 08:58:10
14,Valeria Zanichelli,valeria.zanichelli@example.com,9481546076,"Contrada Micheletto 5, Borgo Pierina, 29555 Aosta (BZ)",32.88,2024-12-09 16:53:22
4,Alberto Mascheroni,alberto.mascheroni@example.com,6537421729,"Rotonda Lidia 49 Piano 4, Quarto Monica del friuli, 74529 Pistoia (MB)",166.04,2024-12-06 13:01:25
15,Lidia Brunelleschi,lidia.brunelleschi@example.com,4240686525,"Stretto Leone 4 Piano 2, Borgo Silvio, 37825 Messina (BN)",93.27,2024-12-10 08:03:24
21,Martina Crespi,martina.crespi@example.com,5606207923,"Incrocio Liberto 194, Sansoni del friuli, 70751 Teramo (TO)",28.89,2024-12-11 11:48:09
23,Saverio Verri,saverio.verri@example.com,6912711223,"Vicolo Milo 274 Appartamento 54, Quarto Lidia, 00249 Foggia (UD)",31.66,2024-12-07 18:33:41
25,Ernesto Priuli-Buonauro,ernesto.priuli-buonauro@example.com,6572960094,"Piazza Vigorelli 104, Sesto Torquato, 80537 Macerata (TN)",172.94,2024-12-07 23:47:20
27,Roman Faranda,roman.faranda@example.com,4625557808,"Borgo Sismondi 6, Quarto Gianluca umbro, 57625 Pescara (CI)",57.74,2024-12-12 16:26:32
24,Nicolò Babati-Goldoni,nicolò.babati-goldoni@example.com,9472577174,"Canale Tonisto 1, Settimo Benito nell'emilia, 26317 Genova (CH)",170.52,2024-12-11 01:31:11
18,Gianna Vergerio,gianna.vergerio@example.com,6717162127,"Stretto Ivan 497 Appartamento 49, Silvia lido, 83553 Livorno (LU)",130.7,2024-12-13 01:05:43
16,Dott. Giovanna Chechi,dott..giovanna.chechi@example.com,1241927966,"Borgo Cilea 80 Appartamento 90, Borgo Caterina, 80561 Milano (VE)",150.15,2024-12-13 11:58:53
18,Annibale Cerquiglini,annibale.cerquiglini@example.com,5680509379,"Incrocio Maura 9, Dante ligure, 80952 Massa-Carrara (CI)",87.08,2024-12-07 15:15:00
22,Sabatino Cuzzocrea,sabatino.cuzzocrea@example.com,3246782775,"Canale Erika 6, Antonietta ligure, 35441 Trieste (LI)",54.26,2024-12-06 16:36:45
14,Gian Galtarossa,gian.galtarossa@example.com,4635847856,"Stretto Pina 6 Piano 6, Girolamo nell'emilia, 80792 Reggio Emilia (TE)",161.31,2024-12-11 08:08:20
2,Giovanni Anastasi,giovanni.anastasi@example.com,5227015331,"Strada Ludovica 791 Piano 4, Tozzi laziale, 36723 Alessandria (BZ)",164.55,2024-12-16 01:31:34
17,Marina Almagià,marina.almagià@example.com,7262393532,"Vicolo Gianpaolo 3 Appartamento 69, Quarto Margherita, 65351 Trapani (CS)",164.27,2024-12-09 00:00:57
17,Panfilo Franzese,panfilo.franzese@example.com,5886649778,"Via Babati 0, Fiorino umbro, 04456 Verbano-Cusio-Ossola (TO)",75.84,2024-12-16 02:16:08
20,Sig.ra Paloma Turchetta,sig.ra.paloma.turchetta@example.com,3457989075,"Via Gabriele 24, Cafarchia salentino, 21774 Latina (SR)",89.19,2024-12-12 20:05:08
25,Loretta Pacelli,loretta.pacelli@example.com,5115483407,"Viale Massimiliano 46, Borgo Laureano, 77679 Modena (TR)",143.24,2024-12-15 22:59:51
2,Vincentio Pinamonte,vincentio.pinamonte@example.com,1446967438,"Via Toninelli 906 Appartamento 89, Borgo Paride, 28750 Napoli (PT)",26.51,2024-12-09 14:57:55
31,Sig.ra Susanna Durante,sig.ra.susanna.durante@example.com,7561693352,"Borgo Monica 4, Cutrufo a mare, 20878 Prato (CL)",112.3,2024-12-07 16:12:30
13,Virginia Pisano,virginia.pisano@example.com,4843117887,"Canale Cabrini 8, Pontecorvo calabro, 89857 Biella (NA)",55.45,2024-12-11 03:07:54
3,Rodolfo Gonzaga-Morellato,rodolfo.gonzaga-morellato@example.com,7298678733,"Incrocio Pasolini 60, Fantozzi veneto, 87881 Prato (LI)",64.86,2024-12-12 18:22:34
34,Priscilla Borsiere,priscilla.borsiere@example.com,2239833618,"Canale Zaguri 87 Appartamento 86, Morlacchi lido, 25585 Forlì-Cesena (AR)",161.87,2024-12-08 02:34:08
13,Cecilia Zetticci,cecilia.zetticci@example.com,5015327277,"Canale Valeria 2 Appartamento 19, Sesto Pier lido, 83213 Novara (LO)",83.66,2024-12-10 17:04:42
11,Licia Busoni-Giannotti,licia.busoni-giannotti@example.com,1384958229,"Stretto Silvestro 11 Appartamento 54, Giacomo del friuli, 00122 Prato (VS)",107.87,2024-12-13 09:02:44
20,Luciana Squarcione,luciana.squarcione@example.com,9601993635,"Borgo Franzese 2 Piano 6, Tropea veneto, 90990 Olbia-Tempio (PC)",184.8,2024-12-12 14:07:59
12,Mariana Frescobaldi-Delle,mariana.frescobaldi-delle@example.com,1696398621,"Rotonda Righi 19, Torquato laziale, 70415 Foggia (BR)",48.33,2024-12-11 00:23:30
13,Giulia Viviani-Fusani,giulia.viviani-fusani@example.com,5255696744,"Canale Rosalia 52, Settimo Isabella calabro, 85510 Brindisi (BA)",90.06,2024-12-11 15:34:53
6,Gelsomina Disdero,gelsomina.disdero@example.com,9771046631,"Borgo Dallapé 80 Appartamento 41, Cantimori ligure, 67487 Cosenza (MN)",156.83,2024-12-08 21:33:30
4,Ubaldo Mezzetta,ubaldo.mezzetta@example.com,6161473480,"Contrada Rosina 507 Piano 9, Bompiani calabro, 47443 Medio Campidano (MB)",176.0,2024-12-15 01:17:41
13,Gustavo Carnera,gustavo.carnera@example.com,1145811803,"Incrocio Calcedonio 6, Quarto Panfilo nell'emilia, 43827 Alessandria (RG)",86.75,2024-12-13 16:06:16
29,Fedele Tomasetti,fedele.tomasetti@example.com,7057198147,"Rotonda Livia 1, Borgo Antonello sardo, 04809 Foggia (FR)",88.39,2024-12-16 08:46:03
30,Ricciotti Marino,ricciotti.marino@example.com,9810750191,"Canale Gloria 53, Virginia lido, 76462 Sassari (KR)",148.64,2024-12-10 05:51:18
26,Ruggero Maffei,ruggero.maffei@example.com,9481391409,"Viale Guarato 1, Settimo Maria calabro, 02695 Parma (CA)",79.63,2024-12-16 10:18:02
17,Piersanti Comboni-Scandone,piersanti.comboni-scandone@example.com,6868596286,"Vicolo Ligorio 0 Piano 2, Sesto Antonio, 52467 Perugia (CA)",113.86,2024-12-10 04:16:08
32,Emma Gotti,emma.gotti@example.com,5066000618,"Strada Muratori 6 Piano 5, San Stefani, 32317 Belluno (AV)",152.83,2024-12-14 03:31:38
9,Eliana Barozzi-Orsini,eliana.barozzi-orsini@example.com,1579225773,"Incrocio Romano 48 Piano 8, Quarto Claudio, 27144 Torino (CE)",159.35,2024-12-09 16:59:40
13,Raimondo Poerio-Parini,raimondo.poerio-parini@example.com,1985377591,"Borgo Legnante 773, Borgo Gaspare, 72640 Trapani (FR)",54.62,2024-12-08 07:21:56
22,Giulio Savorgnan,giulio.savorgnan@example.com,8627564442,"Vicolo Necci 934 Appartamento 25, Sesto Nanni del friuli, 36922 Treviso (SA)",29.3,2024-12-09 18:48:04
16,Sole Faugno-Farnese,sole.faugno-farnese@example.com,6164970129,"Via Querini 4, Salata a mare, 47731 Caltanissetta (AV)",104.37,2024-12-11 09:06:12
33,Costanzo Rossini,costanzo.rossini@example.com,7803464929,"Strada Rinaldi 6 Appartamento 44, Albertini umbro, 45175 Lucca (TA)",165.38,2024-12-13 11:39:54
30,Emilio Fiorucci,emilio.fiorucci@example.com,1105862126,"Strada Cilibrasi 1 Piano 1, Borgo Ornella laziale, 86788 Bari (PE)",97.24,2024-12-15 08:50:48
32,Dott. Cristina Verdi,dott..cristina.verdi@example.com,9503225990,"Strada Anita 538, San Flavio, 67408 Terni (SO)",132.89,2024-12-14 00:29:44
13,Stefani Manunta,stefani.manunta@example.com,3492060579,"Borgo Amedeo 7, Gregori terme, 87006 Siena (FR)",80.95,2024-12-09 06:16:59
8,Sig. Ugolino Panicucci,sig..ugolino.panicucci@example.com,8861121333,"Borgo Montessori 98 Piano 1, Letta laziale, 96390 Viterbo (MN)",109.88,2024-12-13 15:21:01
10,Ugo Schiavo-Rosiello,ugo.schiavo-rosiello@example.com,2862037261,"Contrada Bertoli 4, Settimo Rosa, 73562 Imperia (BG)",168.47,2024-12-12 00:08:54
6,Lisa Zacco,lisa.zacco@example.com,7866233809,"Viale Aria 620, San Flavio, 42486 Monza e della Brianza (LI)",82.46,2024-12-10 22:15:54
5,Piergiorgio Vidoni,piergiorgio.vidoni@example.com,3292315848,"Via Atenulf 651 Piano 9, Boiardo salentino, 37399 Arezzo (LU)",94.76,2024-12-06 12:59:17
14,Olga Federico,olga.federico@example.com,6102277380,"Piazza Massimiliano 8 Appartamento 57, Alphons ligure, 58951 La Spezia (FR)",180.38,2024-12-09 19:40:21
19,Romina Moneta,romina.moneta@example.com,8841665844,"Rotonda Zoppetti 4 Appartamento 30, Torlonia calabro, 74836 Firenze (OR)",123.63,2024-12-10 01:44:01
1,Eva Zeffirelli,eva.zeffirelli@example.com,7886820332,"Canale Giacobbe 75 Appartamento 45, Borgo Fernanda, 56139 Frosinone (VE)",129.27,2024-12-08 05:12:37
6,Lilla Zaccagnini-Ciani,lilla.zaccagnini-ciani@example.com,4262257625,"Via Leone 821, Sophia ligure, 04040 Pescara (MO)",26.29,2024-12-14 21:36:50
25,Raimondo Gianinazzi-Cherubini,raimondo.gianinazzi-cherubini@example.com,8566644984,"Incrocio Berengario 68, Maura calabro, 09034 Biella (NO)",71.3,2024-12-10 19:48:02
25,Dott. Lucrezia Turchi,dott..lucrezia.turchi@example.com,2485159203,"Strada Graziano 22 Appartamento 68, Settimo Ramona, 74896 Napoli (BS)",163.24,2024-12-12 04:41:56
9,Coluccio Bodoni,coluccio.bodoni@example.com,3735346243,"Rotonda Tonia 4, Quarto Elmo, 00942 Livorno (PD)",109.7,2024-12-16 02:51:24
23,Etta Argento,etta.argento@example.com,5791609794,"Contrada Maggioli 3, San Sandro, 18725 Belluno (FG)",169.86,2024-12-12 09:24:01
13,Eleanora Franceschi,eleanora.franceschi@example.com,2861895524,"Strada Napolitano 0, Briccialdi nell'emilia, 07887 Mantova (VS)",117.76,2024-12-15 07:22:57
29,Dionigi Staglieno,dionigi.staglieno@example.com,5890623402,"Strada Luna 7, Brugnaro veneto, 09965 L'Aquila (AG)",134.07,2024-12-07 10:41:33
5,Nicola Barozzi-Romiti,nicola.barozzi-romiti@example.com,5986307181,"Stretto Ricci 81, Greca umbro, 27036 Alessandria (SO)",145.55,2024-12-12 05:48:29
17,Giulietta Battaglia,giulietta.battaglia@example.com,2218133128,"Via Paoletta 4 Piano 1, Borgo Veronica, 95036 Bologna (PI)",108.36,2024-12-10 00:25:24
21,Sophia Falcone,sophia.falcone@example.com,3963633024,"Rotonda Ricciotti 65, Sesto Severino del friuli, 87611 Barletta-Andria-Trani (PN)",159.82,2024-12-11 14:46:32
20,Dott. Nicoletta Lancisi,dott..nicoletta.lancisi@example.com,6233742965,"Stretto Cilibrasi 46 Piano 2, Borgo Vincentio, 64547 Crotone (VI)",177.74,2024-12-14 22:36:08
1,Francesca Pincherle,francesca.pincherle@example.com,4118854110,"Vicolo Chiara 126, Quarto Pierpaolo umbro, 38418 Vicenza (GE)",45.1,2024-12-13 09:46:45
32,Flavio Benigni-Barzini,flavio.benigni-barzini@example.com,5655483874,"Canale Erika 44 Piano 0, Gilberto del friuli, 64871 Massa-Carrara (GE)",64.32,2024-12-16 09:00:41
3,Enzio Segni,enzio.segni@example.com,5231028849,"Incrocio Maffei 941, San Niccolò, 04002 L'Aquila (MO)",149.18,2024-12-15 17:41:43
23,Ugolino Briccialdi,ugolino.briccialdi@example.com,7009008620,"Stretto Tiziana 2, Borgo Gioele nell'emilia, 41780 Ogliastra (BG)",32.66,2024-12-07 04:57:14
34,Adelasia Scaramucci,adelasia.scaramucci@example.com,1345147225,"Piazza Tomasini 5 Piano 4, Catalano ligure, 84146 Lodi (FR)",37.49,2024-12-14 12:06:09
25,Sandro Mozart,sandro.mozart@example.com,2702037656,"Canale Raffaele 58, Trentin calabro, 54535 Terni (LI)",151.47,2024-12-10 19:33:02
17,Raffaele Burcardo,raffaele.burcardo@example.com,1961355807,"Rotonda Liberto 323 Appartamento 45, Sesto Lauretta, 39958 Catanzaro (SA)",65.16,2024-12-13 15:25:20
8,Giacomo Mondaini,giacomo.mondaini@example.com,3036294861,"Rotonda Allegra 021, Disdero terme, 66224 Prato (VT)",34.21,2024-12-11 04:37:09
17,Napoleone Fusani,napoleone.fusani@example.com,3866787464,"Vicolo Prati 409 Appartamento 06, Giovanna veneto, 90756 Vibo Valentia (TS)",119.55,2024-12-15 08:40:36
34,Gioele Nosiglia,gioele.nosiglia@example.com,3671429242,"Viale Pacetti 88 Piano 2, Quarto Maria, 86420 Macerata (AT)",78.58,2024-12-08 16:31:15
33,Federico Pacillo,federico.pacillo@example.com,9417776493,"Rotonda Matteo 32 Piano 3, Binaghi salentino, 66736 Como (TE)",42.54,2024-12-10 03:31:50
21,Arsenio Marcacci,arsenio.marcacci@example.com,3991816250,"Vicolo Alina 17 Appartamento 25, Spinola veneto, 28645 Genova (EN)",120.42,2024-12-15 09:27:18
36,Olga Einaudi,olga.einaudi@example.com,2099283897,"Vicolo Bosurgi 684, Silvio umbro, 90408 Novara (AP)",91.65,2024-12-09 22:43:58
18,Graziano Pometta,graziano.pometta@example.com,8244903231,"Contrada Carli 68 Appartamento 07, Fortunata nell'emilia, 85542 Roma (SV)",118.82,2024-12-14 14:34:36
7,Sig. Goffredo Curiel,sig..goffredo.curiel@example.com,9641605250,"Stretto Righi 3, Battisti a mare, 42903 Cremona (OT)",73.87,2024-12-16 00:38:21
18,Paoletta Borromeo-Foscari,paoletta.borromeo-foscari@example.com,8085307167,"Viale Costanzi 9, Borgo Gloria, 14567 Biella (GE)",192.95,2024-12-12 17:39:54
5,Sig. Severino Curatoli,sig..severino.curatoli@example.com,5423809991,"Incrocio Enzio 7 Piano 4, Pina calabro, 58206 Parma (RO)",65.36,2024-12-10 02:25:17
10,Eliana Ponti-Beccheria,eliana.ponti-beccheria@example.com,5409351617,"Viale Dossetti 81, Malenchini a mare, 01988 Novara (AR)",87.01,2024-12-06 16:43:01
1,Piergiuseppe Peano-Michelangeli,piergiuseppe.peano-michelangeli@example.com,6265320524,"Contrada Giulia 297 Piano 6, Annibale ligure, 82919 Venezia (OT)",174.49,2024-12-13 02:19:11
20,Vanessa Scotti,vanessa.scotti@example.com,4339411044,"Vicolo Sebastiano 392 Piano 3, Pier lido, 95425 Imperia (UD)",36.89,2024-12-15 05:32:10
19,Gilberto Monti,gilberto.monti@example.com,8686757302,"Vicolo Ottone 836 Appartamento 83, San Maria del friuli, 85079 Benevento (LO)",41.81,2024-12-12 18:30:01
17,Tiziano Lollobrigida,tiziano.lollobrigida@example.com,7198227833,"Canale Tatiana 043 Appartamento 67, Grasso ligure, 94905 Ravenna (VA)",73.89,2024-12-12 16:16:38
2,Allegra Gadda,allegra.gadda@example.com,4292160676,"Piazza Bombieri 237 Piano 2, Quarto Roman ligure, 97381 Bari (PT)",38.67,2024-12-12 09:05:12
17,Dott. Veronica Moneta,dott..veronica.moneta@example.com,5401455526,"Rotonda Pierluigi 7, San Laura, 63661 Siena (CZ)",25.57,2024-12-12 05:03:24
6,Niccolò Cimarosa,niccolò.cimarosa@example.com,1911301611,"Incrocio Nicola 0, Fittipaldi ligure, 54576 Oristano (MN)",55.93,2024-12-09 03:22:31
28,Sylvia Baggio-Ciani,sylvia.baggio-ciani@example.com,1466376777,"Rotonda Giuseppe 84 Piano 6, Valeria lido, 30232 Medio Campidano (BN)",175.11,2024-12-15 22:47:37
17,Fabia Stucchi,fabia.stucchi@example.com,6776273750,"Rotonda Navarria 025 Appartamento 10, Alderano ligure, 80443 Varese (OT)",76.61,2024-12-11 05:20:13
16,Sylvia Baresi-Bulzoni,sylvia.baresi-bulzoni@example.com,4263628648,"Incrocio Serraglio 566, Settimo Ferdinando terme, 31453 Ascoli Piceno (CI)",35.5,2024-12-09 17:17:10
25,Vincentio Ostinelli,vincentio.ostinelli@example.com,5842886421,"Incrocio Arnaldo 7, Raurica terme, 57280 Novara (RC)",53.46,2024-12-16 17:21:29
22,Alphons Bonanno,alphons.bonanno@example.com,7313029976,"Viale Olga 3, Pascarella terme, 56949 Grosseto (FM)",153.44,2024-12-09 22:12:47
31,Ugolino Dovara,ugolino.dovara@example.com,8359284945,"Strada Dario 2, San Elmo calabro, 46585 Teramo (BN)",91.99,2024-12-12 01:12:07
3,Sonia Leonardi,sonia.leonardi@example.com,8171175332,"Rotonda Gloria 248 Piano 7, Tagliafierro sardo, 66455 Alessandria (VV)",85.77,2024-12-15 08:31:53
10,Dott. Enzo Pace,dott..enzo.pace@example.com,8886175812,"Incrocio Etta 34, San Ugo, 67710 Cosenza (VS)",188.57,2024-12-13 17:40:23
34,Federico Russo,federico.russo@example.com,2850617380,"Canale Ruggiero 1 Appartamento 46, Elvira laziale, 33598 Teramo (FE)",57.94,2024-12-09 13:28:04
8,Flora Tagliafierro,flora.tagliafierro@example.com,8554105299,"Viale Uberto 54, Loredan sardo, 04713 Foggia (MS)",81.87,2024-12-07 09:31:38
16,Isabella Tacchini,isabella.tacchini@example.com,5420822216,"Piazza Stefania 03 Piano 1, Vidoni calabro, 93013 Trapani (LI)",65.91,2024-12-16 17:06:44
2,Sig. Ezio Anichini,sig..ezio.anichini@example.com,7246547451,"Viale Babbo 59 Appartamento 68, Benedetto del friuli, 80348 Treviso (FR)",109.33,2024-12-07 22:00:22
27,Sig.ra Romana Giannuzzi,sig.ra.romana.giannuzzi@example.com,8595596106,"Piazza Ficino 647, Luria sardo, 01927 Rovigo (EN)",60.64,2024-12-13 06:55:22
32,Mario Pizzo,mario.pizzo@example.com,1537219392,"Via Giacinto 0, Piero umbro, 08427 Carbonia-Iglesias (GE)",197.05,2024-12-14 02:47:06
15,Lamberto Panicucci,lamberto.panicucci@example.com,7100100764,"Via Cipolla 35, Luciana salentino, 81164 Ancona (TN)",125.85,2024-12-11 18:48:22
26,Dott. Valerio Fiorucci,dott..valerio.fiorucci@example.com,8728798481,"Borgo Tartaglia 00, Fiamma ligure, 62110 La Spezia (RA)",32.4,2024-12-08 21:34:34
33,Lidia Morpurgo,lidia.morpurgo@example.com,3215140309,"Incrocio Turci 68, Sesto Tatiana, 97275 Potenza (SS)",180.78,2024-12-10 23:22:29
29,Salvatore Interiano-Modiano,salvatore.interiano-modiano@example.com,5067745436,"Contrada Eco 202 Piano 1, San Lauretta del friuli, 49722 Campobasso (BZ)",159.89,2024-12-12 03:30:42
33,Baccio Florio,baccio.florio@example.com,2356281322,"Strada Emilio 2, Quarto Vito, 99489 Reggio Emilia (PA)",118.78,2024-12-14 14:56:13
19,Marta Venier,marta.venier@example.com,8306024298,"Stretto Zeffirelli 370 Appartamento 36, Fabrizio del friuli, 60381 Roma (LT)",35.32,2024-12-14 02:06:00
35,Vittorio Salata,vittorio.salata@example.com,1797090745,"Piazza Raimondo 888, Benedetto del friuli, 43290 Firenze (PZ)",143.34,2024-12-08 16:25:22
1,Ricciotti Paoletti,ricciotti.paoletti@example.com,2712070953,"Viale Benedetti 65 Piano 5, Borgo Nicoletta, 78705 Foggia (BS)",139.69,2024-12-14 00:29:25
13,Simonetta Chigi,simonetta.chigi@example.com,1721489848,"Contrada Elvira 80, Settimo Paola, 69428 Sassari (VV)",193.86,2024-12-08 01:37:27
32,Pietro Satriani,pietro.satriani@example.com,1823823224,"Piazza Raffaello 10, Piacentini terme, 72907 Potenza (MN)",161.37,2024-12-10 20:02:53
26,Gionata Mazzini,gionata.mazzini@example.com,6572444821,"Viale Ivan 192 Piano 1, Quarto Alberto ligure, 16590 Perugia (CO)",161.3,2024-12-15 23:43:59
30,Saverio Barozzi,saverio.barozzi@example.com,2431036252,"Strada Vercelloni 36 Piano 2, Arnaldo umbro, 25942 Firenze (AR)",174.43,2024-12-11 22:05:34
21,Ippazio Pepe,ippazio.pepe@example.com,2593278589,"Canale Marsili 0 Piano 6, Borgo Federica salentino, 46609 Lucca (TE)",114.44,2024-12-15 11:56:48
6,Fabrizia Briccialdi,fabrizia.briccialdi@example.com,8287092390,"Viale Piergiorgio 29, Borgo Federico, 00514 Sassari (VB)",37.29,2024-12-10 04:42:54
19,Arnaldo Mannoia,arnaldo.mannoia@example.com,2717689747,"Canale Alessia 3, Pace umbro, 23086 Palermo (AN)",91.56,2024-12-06 15:08:52
30,Antonina Strangio,antonina.strangio@example.com,1671890425,"Canale Maura 1 Appartamento 22, Mercadante del friuli, 02906 Treviso (FI)",64.27,2024-12-13 02:52:30
31,Filippo Rastelli,filippo.rastelli@example.com,5687671934,"Via Fredo 273 Appartamento 03, Morena a mare, 16680 Medio Campidano (MS)",42.06,2024-12-08 20:23:31
29,Gioffre Desio,gioffre.desio@example.com,4182263157,"Viale Altera 805 Appartamento 15, Valeria del friuli, 84646 Bolzano (FC)",100.15,2024-12-14 19:36:18
32,Annibale Trentini,annibale.trentini@example.com,1317139082,"Stretto Angiolello 8, Pierluigi laziale, 32617 Napoli (SA)",192.16,2024-12-07 08:28:58
17,Ettore Interminei-Burcardo,ettore.interminei-burcardo@example.com,4503676346,"Rotonda Puccio 878, Quarto Imelda del friuli, 59838 Messina (RA)",192.76,2024-12-08 16:20:31
12,Anita Tozzi,anita.tozzi@example.com,7104160958,"Via Annetta 9, Bertolucci del friuli, 85894 Sassari (CN)",161.53,2024-12-13 20:26:10
34,Panfilo Gentileschi-Siffredi,panfilo.gentileschi-siffredi@example.com,8963963652,"Viale Casagrande 6, Ilaria sardo, 40124 Rimini (PE)",69.52,2024-12-08 09:29:20
36,Sig. Lodovico Zacchia,sig..lodovico.zacchia@example.com,2633791894,"Vicolo Rosa 7, Settimo Adriana a mare, 47602 Benevento (NO)",83.76,2024-12-14 05:19:04
35,Rosario Balotelli,rosario.balotelli@example.com,6405654442,"Borgo Evangelista 9 Piano 1, Emilio nell'emilia, 88929 Lecco (AT)",144.03,2024-12-12 20:56:20
36,Lara Saracino-Armellini,lara.saracino-armellini@example.com,5644466104,"Vicolo Danilo 3 Piano 4, San Pomponio, 49687 Padova (VB)",110.98,2024-12-09 09:22:09
31,Clelia Campanella-Piccio,clelia.campanella-piccio@example.com,8616347010,"Vicolo Leone 8 Piano 8, Borgo Rita, 40891 Ancona (GE)",103.48,2024-12-08 08:29:37
1,Angelo Zaccagnini,angelo.zaccagnini@example.com,4034118054,"Vicolo Zanzi 69 Piano 0, Marrone ligure, 66319 Ravenna (PZ)",137.39,2024-12-13 21:10:42
22,Corrado Iacobucci-Salieri,corrado.iacobucci-salieri@example.com,8773371682,"Contrada Malatesta 099, Sesto Michele, 64994 Alessandria (AV)",148.98,2024-12-10 19:28:06
12,Pasquale Garrone-Beffa,pasquale.garrone-beffa@example.com,7186544437,"Incrocio Raffaello 4 Piano 9, San Damiano, 39913 Pisa (AL)",103.99,2024-12-10 20:09:34
18,Giuseppina Duodo-Riccardi,giuseppina.duodo-riccardi@example.com,7904728405,"Borgo Berlusconi 24 Appartamento 64, Borgo Antonio a mare, 37789 Taranto (SA)",172.26,2024-12-12 23:51:38
30,Mirko Vismara,mirko.vismara@example.com,6648582962,"Via Beccaria 615 Piano 2, Borgo Gioacchino del friuli, 15665 Venezia (RG)",45.98,2024-12-14 05:00:30
23,Marta Mercalli-Murri,marta.mercalli-murri@example.com,6092006848,"Viale Aporti 70, Sesto Valerio, 25563 Fermo (VB)",178.46,2024-12-06 22:05:53
2,Fedele Ioppi,fedele.ioppi@example.com,9805965968,"Vicolo Giunti 87 Appartamento 55, Sansoni ligure, 29558 Oristano (VC)",34.34,2024-12-11 14:22:49
36,Laura Surian-Rensi,laura.surian-rensi@example.com,2806793854,"Incrocio Benito 5, Patrizio sardo, 02301 Latina (VR)",59.44,2024-12-13 17:08:46
7,Livia Perini,livia.perini@example.com,9521474951,"Contrada Totino 2 Appartamento 64, Viridiana nell'emilia, 64686 Bari (RC)",85.43,2024-12-07 03:16:16
22,Benvenuto Mantegna,benvenuto.mantegna@example.com,3142395476,"Piazza Leonardi 184 Appartamento 25, Quarto Ricciotti, 74346 Pescara (UD)",75.1,2024-12-10 20:17:10
15,Ludovico Dossi-Puglisi,ludovico.dossi-puglisi@example.com,6424297555,"Piazza Tresoldi 806, Annibale umbro, 47664 Catania (LC)",170.85,2024-12-07 15:39:03
7,Iolanda Soranzo,iolanda.soranzo@example.com,6882271028,"Borgo Gussoni 696, Quarto Imelda nell'emilia, 67718 Prato (MO)",79.93,2024-12-13 20:40:41
13,Sig.ra Sophia Muratori,sig.ra.sophia.muratori@example.com,5169222921,"Incrocio Viridiana 875 Appartamento 27, Quarto Leopoldo, 33529 Barletta-Andria-Trani (RC)",116.88,2024-12-15 06:49:33
8,Sig.ra Veronica Peruzzi,sig.ra.veronica.peruzzi@example.com,2442213434,"Contrada Ranieri 2, Borgo Marcella, 27019 Bologna (PT)",29.33,2024-12-15 23:02:57
30,Melina Sonnino,melina.sonnino@example.com,5688982650,"Viale Antonino 12 Appartamento 08, San Luigi sardo, 96768 Lodi (BA)",109.42,2024-12-07 07:12:07
2,Marcello Grossi,marcello.grossi@example.com,3924957123,"Strada Orengo 9 Appartamento 34, Fo veneto, 14030 Aosta (PD)",35.72,2024-12-14 10:58:21
14,Ornella Versace,ornella.versace@example.com,4576061751,"Piazza Gucci 3, Morpurgo del friuli, 72867 Verona (TV)",187.6,2024-12-15 14:09:17
23,Elena Baracca,elena.baracca@example.com,2235816577,"Piazza Gianna 56 Appartamento 66, San Graziano a mare, 91675 Perugia (PV)",101.57,2024-12-10 15:40:18
7,Vincentio Priuli,vincentio.priuli@example.com,1179808058,"Vicolo Benito 6 Piano 4, Quarto Gustavo, 34022 Pordenone (ME)",93.44,2024-12-11 22:55:51
30,Lara Giammusso,lara.giammusso@example.com,7620290313,"Strada Luisa 6, Ernesto terme, 18623 Ancona (PD)",127.15,2024-12-09 15:06:58
32,Sophia Bajardi,sophia.bajardi@example.com,3884895969,"Canale Gabriele 81, Settimo Luigi, 24022 Imperia (BL)",95.81,2024-12-13 16:40:13
27,Sole Monduzzi,sole.monduzzi@example.com,2337978996,"Piazza Antonio 53, Giolitti veneto, 86277 Potenza (BR)",125.98,2024-12-12 02:26:50
7,Sig. Edoardo Faranda,sig..edoardo.faranda@example.com,6115076839,"Contrada Molesini 837 Piano 4, Malenchini terme, 90852 L'Aquila (TA)",151.58,2024-12-12 20:05:03
8,Paloma Mercadante,paloma.mercadante@example.com,7313289642,"Borgo Dossetti 49, San Raimondo, 60608 Medio Campidano (EN)",157.13,2024-12-11 03:32:02
20,Natalia Ravaglioli,natalia.ravaglioli@example.com,6341961217,"Vicolo Gatto 79, Gullotta veneto, 81294 Pesaro e Urbino (GO)",149.83,2024-12-15 02:50:55
22,Dott. Diana Carfagna,dott..diana.carfagna@example.com,7025207018,"Viale Gilberto 6 Piano 7, Beccaria sardo, 35051 Latina (OT)",135.01,2024-12-08 02:35:19
4,Dott. Fedele Chigi,dott..fedele.chigi@example.com,5976183672,"Rotonda Impastato 731, Soranzo veneto, 89859 Piacenza (VT)",35.41,2024-12-13 12:40:38
23,Marcella Rizzoli,marcella.rizzoli@example.com,3504215089,"Canale Bernardo 581, San Ferdinando ligure, 14679 Torino (TS)",63.43,2024-12-08 06:05:14
12,Giacinto Peruzzi,giacinto.peruzzi@example.com,5307612139,"Contrada Matteo 01, Sesto Piergiuseppe, 30423 Perugia (NU)",67.89,2024-12-12 20:07:33
13,Federica Rosselli,federica.rosselli@example.com,2989552182,"Strada Bernetti 83, Boccherini terme, 86504 Verona (CS)",175.21,2024-12-15 09:50:08
34,Nicoletta Manolesso-Siffredi,nicoletta.manolesso-siffredi@example.com,3834692598,"Contrada Scarpetta 830 Piano 3, Settimo Arnaldo, 75283 Potenza (MI)",34.11,2024-12-11 05:38:41
21,Giovanni Valguarnera-Ciampi,giovanni.valguarnera-ciampi@example.com,3912192895,"Borgo Lombardi 288 Appartamento 67, Sesto Simone lido, 75074 Pescara (PR)",56.05,2024-12-07 10:00:52
13,Piergiorgio Cerquiglini-Chechi,piergiorgio.cerquiglini-chechi@example.com,9496999812,"Canale Clelia 549 Appartamento 31, San Piero sardo, 43585 Verona (RE)",103.02,2024-12-08 23:16:17
29,Letizia Zamorani,letizia.zamorani@example.com,8297629411,"Contrada Scotto 4 Appartamento 15, Ritacca nell'emilia, 01946 Catanzaro (PI)",50.97,2024-12-08 23:55:40
18,Fernanda Gritti,fernanda.gritti@example.com,3319646278,"Viale Opizzi 9, Trupiano umbro, 05846 Teramo (PR)",89.08,2024-12-11 21:41:33
29,Camillo Dellucci,camillo.dellucci@example.com,6177384617,"Via Viola 630, Rosalia veneto, 10710 Fermo (RE)",114.76,2024-12-07 04:39:49
22,Sig.ra Eva Paruta,sig.ra.eva.paruta@example.com,2657161694,"Piazza Beccaria 626 Piano 4, Settimo Puccio calabro, 46596 Avellino (MT)",96.76,2024-12-14 12:12:07
35,Giacobbe Ritacca,giacobbe.ritacca@example.com,5017972859,"Vicolo Gualtieri 9, Sesto Eugenia, 96600 Como (SP)",199.98,2024-12-09 12:20:00
1,Gemma Avogadro,gemma.avogadro@example.com,7790875266,"Stretto Rosaria 886, Meucci del friuli, 92044 Catanzaro (CA)",43.34,2024-12-16 07:42:56
26,Michela Petrucci,michela.petrucci@example.com,7224855604,"Strada Gilardoni 2, Borgo Teresa veneto, 32145 Brescia (AL)",136.8,2024-12-15 12:39:27
34,Antonina Cicala,antonina.cicala@example.com,3001291764,"Piazza Giada 4, San Lauretta umbro, 69967 Novara (NO)",30.91,2024-12-06 16:23:49
14,Livia Dandolo,livia.dandolo@example.com,5282053214,"Strada Camilla 2 Piano 4, Loretta laziale, 71469 Avellino (LO)",126.77,2024-12-07 03:06:04
12,Chiara Benussi-Comolli,chiara.benussi-comolli@example.com,3673400690,"Vicolo Pasqua 8 Appartamento 74, Settimo Giustino, 00378 Como (UD)",79.43,2024-12-10 08:55:13
1,Romina Torlonia-Petrocelli,romina.torlonia-petrocelli@example.com,7257770582,"Canale Pasqua 168 Piano 1, Greco lido, 13377 Fermo (CT)",187.68,2024-12-15 08:26:40
16,Silvio Trillini,silvio.trillini@example.com,5192326123,"Via Dolores 793 Piano 7, Sesto Toni, 08932 Oristano (SR)",52.45,2024-12-16 08:58:51
33,Dott. Gino Guarneri,dott..gino.guarneri@example.com,3799138534,"Viale Silvio 36, Gaggini lido, 81463 Ferrara (VV)",102.85,2024-12-14 20:10:49
33,Nanni Venturi,nanni.venturi@example.com,4990135402,"Strada Fausto 781, Ermenegildo ligure, 07051 Venezia (SI)",129.15,2024-12-13 06:22:04
30,Gianpietro Modugno,gianpietro.modugno@example.com,7876265035,"Strada Santino 930, Cibin lido, 81459 Palermo (VC)",197.74,2024-12-12 02:24:27
4,Sig. Daniele Totino,sig..daniele.totino@example.com,3551942913,"Canale Giampaolo 1 Appartamento 73, Ivan ligure, 53064 Udine (VA)",196.0,2024-12-15 04:50:32
15,Ermenegildo Nicolini-Veneziano,ermenegildo.nicolini-veneziano@example.com,5900126187,"Vicolo Costanzi 9, Borgo Simonetta, 27863 Bergamo (CH)",166.39,2024-12-15 18:56:52
36,Adele Leonetti,adele.leonetti@example.com,9166613796,"Stretto Procacci 26 Piano 0, Sesto Fabio, 38212 Bergamo (LT)",77.36,2024-12-10 02:43:18
11,Antonella Marino-Monti,antonella.marino-monti@example.com,8810512988,"Strada Guarino 7, Ritacca laziale, 84835 Potenza (VA)",173.97,2024-12-13 16:36:28
13,Jacopo Ferragamo,jacopo.ferragamo@example.com,4452695442,"Viale Antonella 23, Sesto Luisa ligure, 54161 Vibo Valentia (TV)",118.89,2024-12-08 05:07:25
14,Mercedes Basadonna,mercedes.basadonna@example.com,5357657213,"Vicolo Lazzaro 486 Piano 9, Sesto Amanda terme, 18539 Varese (IS)",175.97,2024-12-10 01:39:29
3,Tiziana Tedesco,tiziana.tedesco@example.com,3706874778,"Via Evangelista 43 Piano 1, Giampiero terme, 09043 Pistoia (MO)",77.99,2024-12-13 23:38:40
10,Susanna Morricone-Carocci,susanna.morricone-carocci@example.com,5077986686,"Stretto Martino 46 Piano 2, Alfio lido, 35903 Reggio Emilia (CS)",198.34,2024-12-11 15:06:52
2,Gabriele Barese,gabriele.barese@example.com,8521903792,"Borgo Villadicani 7 Appartamento 50, Sesto Priscilla ligure, 62399 Lecco (TS)",85.41,2024-12-13 21:58:30
19,Matteo Murri-Serlupi,matteo.murri-serlupi@example.com,4891034867,"Viale Manolesso 535 Appartamento 07, Borgo Fredo ligure, 79398 Bari (PD)",49.72,2024-12-06 13:10:14
31,Dott. Silvia Boldù,dott..silvia.boldù@example.com,9972882951,"Viale Murialdo 699, Patrizia ligure, 32492 Macerata (VR)",192.07,2024-12-07 10:07:21
28,Ansaldo Maderna,ansaldo.maderna@example.com,2600999760,"Incrocio Niscoromni 5 Appartamento 61, Pina umbro, 25232 Trento (BL)",98.28,2024-12-14 08:06:24
33,Dott. Allegra Moresi,dott..allegra.moresi@example.com,1589448094,"Canale Cesarotti 35, Ioppi laziale, 60199 Torino (VS)",121.34,2024-12-12 04:23:38
33,Maria Soprano,maria.soprano@example.com,1932199722,"Vicolo Isabella 7 Piano 2, Torquato terme, 33216 Frosinone (FE)",75.89,2024-12-07 15:05:07
14,Sig.ra Carolina Priuli,sig.ra.carolina.priuli@example.com,5279225978,"Contrada Vismara 1, Michela calabro, 18183 Parma (SA)",171.62,2024-12-10 03:46:24
10,Flavia Bragaglia,flavia.bragaglia@example.com,7561692832,"Stretto Adelmo 3, Borgo Federico lido, 60100 Napoli (GE)",189.97,2024-12-10 16:12:43
22,Annibale Montessori,annibale.montessori@example.com,4145876187,"Stretto Solari 44, Borgo Amedeo, 27596 Imperia (TO)",35.21,2024-12-09 04:17:43
10,Sig. Gianni Gioberti,sig..gianni.gioberti@example.com,4948671696,"Via Maurilio 97 Piano 0, San Alessio del friuli, 06087 Asti (VV)",92.84,2024-12-11 13:14:33
21,Dina Niscoromni,dina.niscoromni@example.com,2205089976,"Stretto Scandone 756 Piano 5, Borgo Daria, 67234 Cuneo (BI)",182.03,2024-12-15 00:29:30
4,Marta Ammaniti-Piazzi,marta.ammaniti-piazzi@example.com,5206606228,"Rotonda Zacco 4, Sesto Laureano salentino, 00120 Agrigento (MN)",55.33,2024-12-14 07:08:19
31,Stefania Mastandrea,stefania.mastandrea@example.com,6245608781,"Contrada Marenzio 034, San Toni, 06845 Roma (IS)",126.13,2024-12-09 15:52:01
12,Rossana Ortolani-Romano,rossana.ortolani-romano@example.com,6685800882,"Piazza Nitti 021, Quarto Piero, 28413 Firenze (AV)",179.09,2024-12-09 13:13:48
36,Dott. Luchino Borsellino,dott..luchino.borsellino@example.com,8895342616,"Vicolo Munari 5, San Annetta, 01838 Barletta-Andria-Trani (MT)",187.6,2024-12-15 12:29:39
26,Eugenia Bazzi,eugenia.bazzi@example.com,2568894870,"Via Dulbecco 92 Piano 2, Borgo Fedele nell'emilia, 52041 Alessandria (RE)",69.56,2024-12-06 18:50:27
21,Ida Regge,ida.regge@example.com,9277326490,"Via Roberta 313 Piano 7, Sesto Lauretta ligure, 12877 Siena (LU)",31.45,2024-12-06 21:14:07
17,Enzo Padovano,enzo.padovano@example.com,8818072597,"Incrocio Serena 974 Appartamento 90, Quarto Cecilia, 75278 Foggia (PT)",80.96,2024-12-15 02:31:29
30,Irma Scotto-Deledda,irma.scotto-deledda@example.com,8824967715,"Vicolo Pratesi 880, Borgo Federigo calabro, 06375 Siena (PE)",155.93,2024-12-12 04:16:52
2,Nino Marsili-Federici,nino.marsili-federici@example.com,4025298245,"Incrocio Milo 54 Appartamento 92, Adriana nell'emilia, 04491 Terni (LI)",100.63,2024-12-07 18:02:36
34,Sophia Doglioni,sophia.doglioni@example.com,3744789649,"Borgo Pirelli 81, San Ermes, 33821 Monza e della Brianza (RC)",47.69,2024-12-12 11:39:10
30,Dott. Lazzaro Bragadin,dott..lazzaro.bragadin@example.com,5969706073,"Canale Miniati 691 Appartamento 63, Sesto Marcantonio, 47636 Pistoia (AL)",76.03,2024-12-12 12:56:49
21,Flavio Basadonna,flavio.basadonna@example.com,1464572197,"Contrada Morgagni 34, Quarto Riccardo, 35728 Venezia (IM)",198.99,2024-12-16 18:42:08
9,Angelica Accardo,angelica.accardo@example.com,4768720958,"Vicolo Roberto 747, Barcaccia ligure, 79320 Matera (BN)",40.47,2024-12-13 19:29:06
17,Giuseppe Zoppetto,giuseppe.zoppetto@example.com,8097110861,"Stretto Angelica 85 Piano 1, San Niccolò sardo, 74189 Imperia (BG)",158.93,2024-12-11 08:36:10
29,Luca Ferrazzi,luca.ferrazzi@example.com,2348428906,"Strada Fantoni 322 Piano 5, Abbagnale umbro, 66042 Mantova (TO)",76.85,2024-12-12 03:12:04
27,Gilberto Garzoni,gilberto.garzoni@example.com,4384040377,"Via Sagnelli 617 Piano 6, Delfino sardo, 71438 Viterbo (PD)",27.54,2024-12-15 00:47:34
35,Baldassare Bresciani,baldassare.bresciani@example.com,4999168951,"Strada Natalia 89, Sesto Vanessa, 98084 Torino (VR)",31.72,2024-12-07 16:18:44
28,Sig.ra Daria Ferrabosco,sig.ra.daria.ferrabosco@example.com,1976557629,"Via Santorio 506, San Azeglio, 04212 Asti (OT)",165.17,2024-12-07 14:21:28
31,Bianca Opizzi-Turrini,bianca.opizzi-turrini@example.com,3485881949,"Stretto Bianca 05 Appartamento 20, Settimo Gioffre veneto, 84509 Rimini (VS)",188.91,2024-12-09 12:47:18
26,Raffaella Pacelli,raffaella.pacelli@example.com,6676731082,"Contrada Giacomo 200 Appartamento 84, Antonio del friuli, 02282 Sondrio (CB)",44.13,2024-12-09 16:49:16
20,Sig.ra Tina Correr,sig.ra.tina.correr@example.com,3458309082,"Vicolo Monte 628, Virginia a mare, 24484 Messina (SO)",123.55,2024-12-16 18:13:34
12,Ermenegildo Petruzzi,ermenegildo.petruzzi@example.com,8820841658,"Vicolo Giuseppina 286, San Claudio nell'emilia, 42012 Massa-Carrara (SS)",137.84,2024-12-06 10:57:10
9,Salvi Gottardi,salvi.gottardi@example.com,9323756927,"Incrocio Calcedonio 374, Sesto Carolina, 41560 Siena (BL)",66.57,2024-12-08 15:32:32
16,Erika Argan,erika.argan@example.com,6839500933,"Viale Offredi 488 Piano 1, Ernesto nell'emilia, 32380 Cagliari (AN)",99.64,2024-12-09 10:42:17
23,Ivan Ferrucci-Geraci,ivan.ferrucci-geraci@example.com,4491681509,"Piazza Pavarotti 979, Brambilla ligure, 46292 Alessandria (SA)",199.01,2024-12-07 04:03:44
2,Francesca Cianciolo,francesca.cianciolo@example.com,4181522654,"Rotonda Tonisto 777, Liana lido, 70322 Viterbo (VC)",179.18,2024-12-13 01:05:26
8,Mauro Mazzocchi,mauro.mazzocchi@example.com,4235995392,"Contrada Notarbartolo 45 Appartamento 77, Natalia nell'emilia, 30490 Frosinone (MN)",150.94,2024-12-09 01:52:42
8,Bruno Cignaroli,bruno.cignaroli@example.com,1476883737,"Incrocio Argento 72 Appartamento 22, Sesto Gianmarco, 04819 Forlì-Cesena (FM)",105.03,2024-12-08 09:56:20
15,Dott. Eleanora Lanfranchi,dott..eleanora.lanfranchi@example.com,8596570745,"Canale Giancarlo 6 Piano 7, Daria terme, 87741 Ascoli Piceno (LE)",54.06,2024-12-13 17:32:17
6,Enrico Nadi,enrico.nadi@example.com,9078040229,"Rotonda Randazzo 0 Appartamento 66, Sesto Domenico laziale, 51079 Caserta (BR)",63.62,2024-12-13 09:16:27
10,Maria Borghese,maria.borghese@example.com,2285093087,"Incrocio Melania 825, Sesto Armando sardo, 89759 Treviso (IS)",130.9,2024-12-16 18:46:21
31,Annunziata Riccati-Pagliaro,annunziata.riccati-pagliaro@example.com,3057348282,"Stretto Fabio 88, Greca ligure, 90253 Lodi (FR)",117.83,2024-12-10 09:49:27
21,Gianluca Bruscantini-Carnera,gianluca.bruscantini-carnera@example.com,6276412572,"Piazza Gioffre 7 Appartamento 05, Greco nell'emilia, 79473 Sassari (CN)",142.87,2024-12-07 10:37:41
4,Sig.ra Rossana Ricolfi,sig.ra.rossana.ricolfi@example.com,8581405620,"Canale Lupo 571 Piano 3, Zaccardo terme, 75864 Bologna (BG)",146.81,2024-12-09 00:59:34
29,Sig.ra Stefani Verdi,sig.ra.stefani.verdi@example.com,3708245038,"Contrada Caruso 6, Quarto Carolina, 83002 Udine (VV)",43.29,2024-12-06 14:28:56
10,Licia Curatoli-Ferrari,licia.curatoli-ferrari@example.com,8849794454,"Incrocio Barberini 1, San Eleanora a mare, 96023 Roma (MT)",123.3,2024-12-08 05:53:46
19,Gianfrancesco Piane,gianfrancesco.piane@example.com,1628149923,"Stretto Platini 23, Benvenuto sardo, 18764 Palermo (MT)",83.95,2024-12-13 09:43:50
2,Emilio Renier,emilio.renier@example.com,4542761657,"Stretto Milo 132, Gianluigi salentino, 79133 Chieti (TE)",193.98,2024-12-08 04:54:53
6,Sig. Tullio Stefanelli,sig..tullio.stefanelli@example.com,6615475649,"Vicolo Marcantonio 426, Sesto Fabrizia veneto, 72164 Udine (MI)",110.07,2024-12-15 20:06:13
33,Bettina Mozart-Fantozzi,bettina.mozart-fantozzi@example.com,7623947928,"Borgo Foscari 210 Appartamento 88, Quarto Elena salentino, 55622 Fermo (TE)",151.73,2024-12-10 01:20:59
16,Maurilio Gelli,maurilio.gelli@example.com,2687929767,"Viale Scarlatti 460, Ginesio calabro, 88274 Pescara (RI)",94.04,2024-12-10 22:54:20
17,Vincentio Ferrata,vincentio.ferrata@example.com,6760233536,"Stretto Pisani 75, Settimo Bianca sardo, 91293 Perugia (MN)",47.82,2024-12-13 14:25:53
14,Simonetta Cavalcanti,simonetta.cavalcanti@example.com,8931805590,"Strada Bossi 060, Alberto laziale, 15267 Venezia (PG)",37.68,2024-12-16 00:00:52
33,Roberta Ricolfi,roberta.ricolfi@example.com,8583389929,"Via Guglielmo 393, Sesto Michele umbro, 59010 Vicenza (MT)",116.92,2024-12-12 08:57:56
32,Dott. Giampiero Bompiani,dott..giampiero.bompiani@example.com,1809982276,"Borgo Cassandra 622 Appartamento 74, Borgo Giuliana calabro, 27707 Vercelli (RA)",70.8,2024-12-12 18:43:09
28,Dott. Sandro Mengolo,dott..sandro.mengolo@example.com,6233033552,"Piazza Montessori 3 Piano 8, Borgo Alessia, 81546 Taranto (TO)",75.42,2024-12-14 13:02:31
33,Fausto Corradi,fausto.corradi@example.com,8141707114,"Incrocio Tullio 0, Giannelli veneto, 25127 Terni (MC)",29.54,2024-12-08 22:39:11
14,Patrizio Tanzini,patrizio.tanzini@example.com,9336963601,"Canale Agnolo 6 Piano 3, Quarto Evangelista, 37065 Ascoli Piceno (LU)",64.08,2024-12-12 20:50:54
11,Dott. Fedele Filippini,dott..fedele.filippini@example.com,3796413703,"Viale Battaglia 988 Piano 2, Sesto Gabriele, 28626 Cremona (GE)",181.39,2024-12-16 02:13:21
32,Vincentio Ferrari,vincentio.ferrari@example.com,1727900897,"Vicolo Barbara 1 Appartamento 28, Paloma calabro, 84831 Piacenza (CR)",42.05,2024-12-16 06:20:48
35,Fabrizia Duse-Borromini,fabrizia.duse-borromini@example.com,5102883916,"Canale Falier 9, Catenazzi veneto, 73908 Matera (PR)",172.79,2024-12-10 01:24:41
21,Amedeo Onio,amedeo.onio@example.com,8675865609,"Incrocio Maria 5 Piano 3, Castiglione laziale, 42212 Cremona (RG)",195.51,2024-12-10 09:07:05
32,Torquato Saragat,torquato.saragat@example.com,3426253900,"Piazza Cassandra 534, Cendron sardo, 13869 Ravenna (AO)",162.29,2024-12-16 16:45:33
18,Sig. Agostino Zanzi,sig..agostino.zanzi@example.com,1236548180,"Borgo Gregorio 01, Quarto Giuliano ligure, 54714 Massa-Carrara (NU)",30.11,2024-12-07 09:42:48
34,Licia Torlonia,licia.torlonia@example.com,4293824610,"Stretto Sophia 0 Piano 3, Longhena ligure, 89257 Padova (CZ)",66.46,2024-12-08 18:19:42
5,Rossana Interiano,rossana.interiano@example.com,8783718737,"Rotonda Vincentio 5 Piano 8, San Enrico a mare, 27834 Monza e della Brianza (AL)",91.57,2024-12-15 07:25:00
24,Gioacchino Viviani,gioacchino.viviani@example.com,7804853580,"Canale Brambilla 4 Piano 9, San Fernanda nell'emilia, 98986 Pisa (CI)",94.38,2024-12-08 23:24:55
32,Sig.ra Serena Vittadello,sig.ra.serena.vittadello@example.com,8768148646,"Canale Lollobrigida 5, Gastone laziale, 04667 Alessandria (PZ)",57.98,2024-12-14 20:53:46
5,Eleanora Tuzzolino,eleanora.tuzzolino@example.com,9874713216,"Rotonda Ugolino 6 Piano 3, Sesto Adele nell'emilia, 09106 L'Aquila (AQ)",126.78,2024-12-07 23:17:01
12,Dott. Melina Morucci,dott..melina.morucci@example.com,1862585756,"Contrada Paoletta 3, Aporti laziale, 56557 Roma (PV)",95.06,2024-12-06 19:26:56
23,Leopoldo Cesarotti-Marzorati,leopoldo.cesarotti-marzorati@example.com,3581974914,"Rotonda Prodi 049 Appartamento 49, Settimo Pierangelo sardo, 68253 Ravenna (KR)",109.03,2024-12-13 23:47:36
36,Berenice Bompiani,berenice.bompiani@example.com,1837709346,"Strada Galvani 7, San Martino, 85788 Pesaro e Urbino (PO)",65.76,2024-12-10 00:48:21
3,Sig. Antonio Ravaglioli,sig..antonio.ravaglioli@example.com,6904463968,"Piazza Benedetto 77, Settimo Vito, 20965 Vicenza (EN)",137.8,2024-12-12 18:27:58
20,Rosina Cortese,rosina.cortese@example.com,8431514550,"Vicolo Iacobucci 96 Piano 8, Piergiuseppe a mare, 08126 Torino (BL)",126.84,2024-12-12 15:17:59
11,Camilla Pertini,camilla.pertini@example.com,7632524872,"Vicolo Cimini 681, Sesto Federico ligure, 51910 Bari (FI)",142.79,2024-12-12 20:38:22
11,Paulina Pascarella,paulina.pascarella@example.com,5381505611,"Contrada Barese 26 Piano 7, Borgo Panfilo, 55146 Vicenza (RA)",136.54,2024-12-14 04:32:05
3,Lucia Cilea-Balotelli,lucia.cilea-balotelli@example.com,6090504373,"Strada Sebastiano 7, Settimo Pierpaolo, 46259 Belluno (MN)",129.35,2024-12-06 19:13:41
5,Romana Tasso,romana.tasso@example.com,3063923706,"Via Cipolla 43, Sesto Rocco, 79050 Pavia (FC)",96.72,2024-12-16 05:29:27
35,Adriano Fibonacci,adriano.fibonacci@example.com,8984260892,"Piazza Fulvio 689 Piano 1, Settimo Caterina, 03624 Napoli (PO)",122.03,2024-12-11 17:54:58
18,Gioacchino Ughi-Fabrizi,gioacchino.ughi-fabrizi@example.com,3296063296,"Contrada Nicola 8, Borgo Marco umbro, 61526 Cuneo (PI)",59.46,2024-12-12 19:19:59
31,Imelda Trincavelli,imelda.trincavelli@example.com,5671676151,"Viale Nedda 477, Settimo Flavio a mare, 49487 Caltanissetta (LI)",109.06,2024-12-08 12:38:14
13,Sig.ra Luciana Juvara,sig.ra.luciana.juvara@example.com,7484767295,"Stretto Solimena 0, Settimo Ermanno, 13335 Foggia (PO)",51.81,2024-12-11 09:49:30
17,Giosuè Vezzali,giosuè.vezzali@example.com,8158318856,"Canale Pacetti 714, Quarto Maria, 71839 Taranto (EN)",111.86,2024-12-12 23:26:19
10,Daniele Gagliardi,daniele.gagliardi@example.com,9362260344,"Strada Serafina 71 Piano 0, Filangieri umbro, 54428 Gorizia (CZ)",157.34,2024-12-08 16:33:28
3,Sig.ra Vittoria Cibin,sig.ra.vittoria.cibin@example.com,4837652110,"Canale Giosuè 27, Borgo Gabriele, 21771 Bari (VA)",130.21,2024-12-10 22:49:53
8,Ugo Cannizzaro,ugo.cannizzaro@example.com,6645731984,"Piazza Dovara 168 Piano 6, Pellegrini lido, 04788 Pescara (ME)",100.87,2024-12-06 10:49:48
5,Gioacchino Baracca-Montesano,gioacchino.baracca-montesano@example.com,7793803097,"Contrada Caironi 870, Borgo Tonino nell'emilia, 39458 Napoli (GR)",62.91,2024-12-11 17:54:18
34,Michelotto Pergolesi,michelotto.pergolesi@example.com,9807109120,"Borgo Serafina 0 Appartamento 68, Giacomo sardo, 50446 Pisa (TN)",182.99,2024-12-13 14:19:05
27,Barbara Travaglia,barbara.travaglia@example.com,8528894955,"Borgo Aldo 241, San Nicola umbro, 55778 Pordenone (GO)",126.08,2024-12-13 12:08:40
30,Ermenegildo Beccaria-Deledda,ermenegildo.beccaria-deledda@example.com,4179581265,"Incrocio Michela 60 Appartamento 45, Emanuelli a mare, 55269 Milano (PA)",64.79,2024-12-14 11:49:14
26,Sig.ra Antonia Traetta,sig.ra.antonia.traetta@example.com,6349797757,"Borgo Martinelli 30, San Flavio veneto, 35736 Massa-Carrara (FC)",78.46,2024-12-13 16:34:04
1,Rossana Anguissola,rossana.anguissola@example.com,3124601562,"Piazza Giuseppe 0, Borgo Enzio laziale, 06992 Rovigo (PZ)",90.68,2024-12-12 03:49:53
32,Dott. Monica Vezzali,dott..monica.vezzali@example.com,5938235206,"Borgo Tonino 862 Piano 5, Sesto Sylvia a mare, 47111 Milano (TN)",157.94,2024-12-08 17:09:43
14,Paloma Moresi,paloma.moresi@example.com,6704465523,"Strada Pina 94, San Manuel a mare, 95843 Cosenza (VI)",184.52,2024-12-09 10:48:36
30,Silvestro Bignami,silvestro.bignami@example.com,5615355938,"Vicolo Comisso 41, Settimo Pier terme, 52480 Terni (SI)",83.27,2024-12-14 03:17:47
36,Sig.ra Ludovica Malacarne,sig.ra.ludovica.malacarne@example.com,7824874285,"Strada Avogadro 797 Appartamento 27, Borgo Pompeo nell'emilia, 06302 Rimini (PO)",180.63,2024-12-11 10:52:55
16,Dott. Ansaldo Spadafora,dott..ansaldo.spadafora@example.com,5597103539,"Via Corcos 75 Piano 2, Valentina a mare, 71600 Sondrio (AV)",75.56,2024-12-13 03:16:41
7,Fabia Bellini,fabia.bellini@example.com,7832402076,"Viale Farina 979 Piano 6, Settimo Daniele, 48292 Forlì-Cesena (BN)",50.22,2024-12-13 09:05:48
5,Gianfranco Pisacane,gianfranco.pisacane@example.com,2690425086,"Strada Massimo 676 Piano 1, San Sophia, 95632 Macerata (SS)",197.59,2024-12-15 14:13:45
33,Dott. Luigina Giammusso,dott..luigina.giammusso@example.com,8620784462,"Canale Rolando 4, Parri laziale, 81518 Trento (TS)",133.33,2024-12-14 22:27:48
30,Ramona Porcellato-Fischetti,ramona.porcellato-fischetti@example.com,5805442504,"Piazza Condoleo 9, San Lamberto, 40189 Siracusa (TA)",131.88,2024-12-12 10:36:04
13,Paoletta Stradivari,paoletta.stradivari@example.com,1336213168,"Canale Mattia 4, Mazzi calabro, 43903 Trento (FI)",83.91,2024-12-14 23:46:23
18,Dott. Priscilla Barozzi,dott..priscilla.barozzi@example.com,7494326674,"Canale Annamaria 896, Quarto Sergius veneto, 15888 Pavia (VT)",83.15,2024-12-09 05:32:05
8,Beatrice Mazzacurati,beatrice.mazzacurati@example.com,4804864485,"Stretto Aurora 3 Appartamento 20, Settimo Rosario calabro, 11443 Lecco (CB)",186.69,2024-12-09 20:41:59
29,Matteo Agazzi-Offredi,matteo.agazzi-offredi@example.com,4568072705,"Incrocio Nino 61 Appartamento 16, Bompiani veneto, 38024 Isernia (PD)",51.91,2024-12-11 17:44:09
12,Loredana Cesaroni,loredana.cesaroni@example.com,8502706199,"Vicolo Antonello 8, Puccini nell'emilia, 33154 Fermo (SI)",60.61,2024-12-13 17:29:28
